id,emoji,short_name,category,recent,code
1,ğŸ˜€,grinning face,1,0,U+1F600
2,ğŸ˜ƒ,grinning face with big eyes,1,0,U+1F603
3,ğŸ˜„,grinning face with smiling eyes,1,0,U+1F604
4,ğŸ˜,beaming face with smiling eyes,1,0,U+1F601
5,ğŸ˜†,grinning squinting face,1,0,U+1F606
6,ğŸ˜…,grinning face with sweat,1,0,U+1F605
7,ğŸ¤£,rolling on the floor laughing,1,0,U+1F923
8,ğŸ˜‚,face with tears of joy,1,0,U+1F602
9,ğŸ™‚,slightly smiling face,1,0,U+1F642
10,ğŸ™ƒ,upside-down face,1,0,U+1F643
11,ğŸ« ,âŠ› melting face,1,1,U+1FAE0
12,ğŸ˜‰,winking face,1,0,U+1F609
13,ğŸ˜Š,smiling face with smiling eyes,1,0,U+1F60A
14,ğŸ˜‡,smiling face with halo,1,0,U+1F607
15,ğŸ¥°,smiling face with hearts,1,0,U+1F970
16,ğŸ˜,smiling face with heart-eyes,1,0,U+1F60D
17,ğŸ¤©,star-struck,1,0,U+1F929
18,ğŸ˜˜,face blowing a kiss,1,0,U+1F618
19,ğŸ˜—,kissing face,1,0,U+1F617
20,â˜º,smiling face,1,0,U+263A
21,ğŸ˜š,kissing face with closed eyes,1,0,U+1F61A
22,ğŸ˜™,kissing face with smiling eyes,1,0,U+1F619
23,ğŸ¥²,smiling face with tear,1,0,U+1F972
24,ğŸ˜‹,face savoring food,1,0,U+1F60B
25,ğŸ˜›,face with tongue,1,0,U+1F61B
26,ğŸ˜œ,winking face with tongue,1,0,U+1F61C
27,ğŸ¤ª,zany face,1,0,U+1F92A
28,ğŸ˜,squinting face with tongue,1,0,U+1F61D
29,ğŸ¤‘,money-mouth face,1,0,U+1F911
30,ğŸ¤—,smiling face with open hands,1,0,U+1F917
31,ğŸ¤­,face with hand over mouth,1,0,U+1F92D
32,ğŸ«¢,âŠ› face with open eyes and hand over mouth,1,1,U+1FAE2
33,ğŸ«£,âŠ› face with peeking eye,1,1,U+1FAE3
34,ğŸ¤«,shushing face,1,0,U+1F92B
35,ğŸ¤”,thinking face,1,0,U+1F914
36,ğŸ«¡,âŠ› saluting face,1,1,U+1FAE1
37,ğŸ¤,zipper-mouth face,1,0,U+1F910
38,ğŸ¤¨,face with raised eyebrow,1,0,U+1F928
39,ğŸ˜,neutral face,1,0,U+1F610
40,ğŸ˜‘,expressionless face,1,0,U+1F611
41,ğŸ˜¶,face without mouth,1,0,U+1F636
42,ğŸ«¥,âŠ› dotted line face,1,1,U+1FAE5
43,ğŸ˜¶â€ğŸŒ«ï¸,face in clouds,1,0,U+1F636 U+200D U+1F32B U+FE0F
44,ğŸ˜,smirking face,1,0,U+1F60F
45,ğŸ˜’,unamused face,1,0,U+1F612
46,ğŸ™„,face with rolling eyes,1,0,U+1F644
47,ğŸ˜¬,grimacing face,1,0,U+1F62C
48,ğŸ˜®â€ğŸ’¨,face exhaling,1,0,U+1F62E U+200D U+1F4A8
49,ğŸ¤¥,lying face,1,0,U+1F925
50,ğŸ˜Œ,relieved face,1,0,U+1F60C
51,ğŸ˜”,pensive face,1,0,U+1F614
52,ğŸ˜ª,sleepy face,1,0,U+1F62A
53,ğŸ¤¤,drooling face,1,0,U+1F924
54,ğŸ˜´,sleeping face,1,0,U+1F634
55,ğŸ˜·,face with medical mask,1,0,U+1F637
56,ğŸ¤’,face with thermometer,1,0,U+1F912
57,ğŸ¤•,face with head-bandage,1,0,U+1F915
58,ğŸ¤¢,nauseated face,1,0,U+1F922
59,ğŸ¤®,face vomiting,1,0,U+1F92E
60,ğŸ¤§,sneezing face,1,0,U+1F927
61,ğŸ¥µ,hot face,1,0,U+1F975
62,ğŸ¥¶,cold face,1,0,U+1F976
63,ğŸ¥´,woozy face,1,0,U+1F974
64,ğŸ˜µ,face with crossed-out eyes,1,0,U+1F635
65,ğŸ˜µâ€ğŸ’«,face with spiral eyes,1,0,U+1F635 U+200D U+1F4AB
66,ğŸ¤¯,exploding head,1,0,U+1F92F
67,ğŸ¤ ,cowboy hat face,1,0,U+1F920
68,ğŸ¥³,partying face,1,0,U+1F973
69,ğŸ¥¸,disguised face,1,0,U+1F978
70,ğŸ˜,smiling face with sunglasses,1,0,U+1F60E
71,ğŸ¤“,nerd face,1,0,U+1F913
72,ğŸ§,face with monocle,1,0,U+1F9D0
73,ğŸ˜•,confused face,1,0,U+1F615
74,ğŸ«¤,âŠ› face with diagonal mouth,1,1,U+1FAE4
75,ğŸ˜Ÿ,worried face,1,0,U+1F61F
76,ğŸ™,slightly frowning face,1,0,U+1F641
77,â˜¹,frowning face,1,0,U+2639
78,ğŸ˜®,face with open mouth,1,0,U+1F62E
79,ğŸ˜¯,hushed face,1,0,U+1F62F
80,ğŸ˜²,astonished face,1,0,U+1F632
81,ğŸ˜³,flushed face,1,0,U+1F633
82,ğŸ¥º,pleading face,1,0,U+1F97A
83,ğŸ¥¹,âŠ› face holding back tears,1,1,U+1F979
84,ğŸ˜¦,frowning face with open mouth,1,0,U+1F626
85,ğŸ˜§,anguished face,1,0,U+1F627
86,ğŸ˜¨,fearful face,1,0,U+1F628
87,ğŸ˜°,anxious face with sweat,1,0,U+1F630
88,ğŸ˜¥,sad but relieved face,1,0,U+1F625
89,ğŸ˜¢,crying face,1,0,U+1F622
90,ğŸ˜­,loudly crying face,1,0,U+1F62D
91,ğŸ˜±,face screaming in fear,1,0,U+1F631
92,ğŸ˜–,confounded face,1,0,U+1F616
93,ğŸ˜£,persevering face,1,0,U+1F623
94,ğŸ˜,disappointed face,1,0,U+1F61E
95,ğŸ˜“,downcast face with sweat,1,0,U+1F613
96,ğŸ˜©,weary face,1,0,U+1F629
97,ğŸ˜«,tired face,1,0,U+1F62B
98,ğŸ¥±,yawning face,1,0,U+1F971
99,ğŸ˜¤,face with steam from nose,1,0,U+1F624
100,ğŸ˜¡,pouting face,1,0,U+1F621
101,ğŸ˜ ,angry face,1,0,U+1F620
102,ğŸ¤¬,face with symbols on mouth,1,0,U+1F92C
103,ğŸ˜ˆ,smiling face with horns,1,0,U+1F608
104,ğŸ‘¿,angry face with horns,1,0,U+1F47F
105,ğŸ’€,skull,1,0,U+1F480
106,â˜ ,skull and crossbones,1,0,U+2620
107,ğŸ’©,pile of poo,1,0,U+1F4A9
108,ğŸ¤¡,clown face,1,0,U+1F921
109,ğŸ‘¹,ogre,1,0,U+1F479
110,ğŸ‘º,goblin,1,0,U+1F47A
111,ğŸ‘»,ghost,1,0,U+1F47B
112,ğŸ‘½,alien,1,0,U+1F47D
113,ğŸ‘¾,alien monster,1,0,U+1F47E
114,ğŸ¤–,robot,1,0,U+1F916
115,ğŸ˜º,grinning cat,1,0,U+1F63A
116,ğŸ˜¸,grinning cat with smiling eyes,1,0,U+1F638
117,ğŸ˜¹,cat with tears of joy,1,0,U+1F639
118,ğŸ˜»,smiling cat with heart-eyes,1,0,U+1F63B
119,ğŸ˜¼,cat with wry smile,1,0,U+1F63C
120,ğŸ˜½,kissing cat,1,0,U+1F63D
121,ğŸ™€,weary cat,1,0,U+1F640
122,ğŸ˜¿,crying cat,1,0,U+1F63F
123,ğŸ˜¾,pouting cat,1,0,U+1F63E
124,ğŸ™ˆ,see-no-evil monkey,1,0,U+1F648
125,ğŸ™‰,hear-no-evil monkey,1,0,U+1F649
126,ğŸ™Š,speak-no-evil monkey,1,0,U+1F64A
127,ğŸ’‹,kiss mark,1,0,U+1F48B
128,ğŸ’Œ,love letter,1,0,U+1F48C
129,ğŸ’˜,heart with arrow,1,0,U+1F498
130,ğŸ’,heart with ribbon,1,0,U+1F49D
131,ğŸ’–,sparkling heart,1,0,U+1F496
132,ğŸ’—,growing heart,1,0,U+1F497
133,ğŸ’“,beating heart,1,0,U+1F493
134,ğŸ’,revolving hearts,1,0,U+1F49E
135,ğŸ’•,two hearts,1,0,U+1F495
136,ğŸ’Ÿ,heart decoration,1,0,U+1F49F
137,â£,heart exclamation,1,0,U+2763
138,ğŸ’”,broken heart,1,0,U+1F494
139,â¤ï¸â€ğŸ”¥,heart on fire,1,0,U+2764 U+FE0F U+200D U+1F525
140,â¤ï¸â€ğŸ©¹,mending heart,1,0,U+2764 U+FE0F U+200D U+1FA79
141,â¤,red heart,1,0,U+2764
142,ğŸ§¡,orange heart,1,0,U+1F9E1
143,ğŸ’›,yellow heart,1,0,U+1F49B
144,ğŸ’š,green heart,1,0,U+1F49A
145,ğŸ’™,blue heart,1,0,U+1F499
146,ğŸ’œ,purple heart,1,0,U+1F49C
147,ğŸ¤,brown heart,1,0,U+1F90E
148,ğŸ–¤,black heart,1,0,U+1F5A4
149,ğŸ¤,white heart,1,0,U+1F90D
150,ğŸ’¯,hundred points,1,0,U+1F4AF
151,ğŸ’¢,anger symbol,1,0,U+1F4A2
152,ğŸ’¥,collision,1,0,U+1F4A5
153,ğŸ’«,dizzy,1,0,U+1F4AB
154,ğŸ’¦,sweat droplets,1,0,U+1F4A6
155,ğŸ’¨,dashing away,1,0,U+1F4A8
156,ğŸ•³,hole,1,0,U+1F573
157,ğŸ’£,bomb,1,0,U+1F4A3
158,ğŸ’¬,speech balloon,1,0,U+1F4AC
159,ğŸ‘ï¸â€ğŸ—¨ï¸,eye in speech bubble,1,0,U+1F441 U+FE0F U+200D U+1F5E8 U+FE0F
160,ğŸ—¨,left speech bubble,1,0,U+1F5E8
161,ğŸ—¯,right anger bubble,1,0,U+1F5EF
162,ğŸ’­,thought balloon,1,0,U+1F4AD
163,ğŸ’¤,zzz,1,0,U+1F4A4
164,ğŸ‘‹,waving hand,2,0,U+1F44B
165,ğŸ¤š,raised back of hand,2,0,U+1F91A
166,ğŸ–,hand with fingers splayed,2,0,U+1F590
167,âœ‹,raised hand,2,0,U+270B
168,ğŸ––,vulcan salute,2,0,U+1F596
169,ğŸ«±,âŠ› rightwards hand,2,1,U+1FAF1
170,ğŸ«²,âŠ› leftwards hand,2,1,U+1FAF2
171,ğŸ«³,âŠ› palm down hand,2,1,U+1FAF3
172,ğŸ«´,âŠ› palm up hand,2,1,U+1FAF4
173,ğŸ‘Œ,OK hand,2,0,U+1F44C
174,ğŸ¤Œ,pinched fingers,2,0,U+1F90C
175,ğŸ¤,pinching hand,2,0,U+1F90F
176,âœŒ,victory hand,2,0,U+270C
177,ğŸ¤,crossed fingers,2,0,U+1F91E
178,ğŸ«°,âŠ› hand with index finger and thumb crossed,2,1,U+1FAF0
179,ğŸ¤Ÿ,love-you gesture,2,0,U+1F91F
180,ğŸ¤˜,sign of the horns,2,0,U+1F918
181,ğŸ¤™,call me hand,2,0,U+1F919
182,ğŸ‘ˆ,backhand index pointing left,2,0,U+1F448
183,ğŸ‘‰,backhand index pointing right,2,0,U+1F449
184,ğŸ‘†,backhand index pointing up,2,0,U+1F446
185,ğŸ–•,middle finger,2,0,U+1F595
186,ğŸ‘‡,backhand index pointing down,2,0,U+1F447
187,â˜,index pointing up,2,0,U+261D
188,ğŸ«µ,âŠ› index pointing at the viewer,2,1,U+1FAF5
189,ğŸ‘,thumbs up,2,0,U+1F44D
190,ğŸ‘,thumbs down,2,0,U+1F44E
191,âœŠ,raised fist,2,0,U+270A
192,ğŸ‘Š,oncoming fist,2,0,U+1F44A
193,ğŸ¤›,left-facing fist,2,0,U+1F91B
194,ğŸ¤œ,right-facing fist,2,0,U+1F91C
195,ğŸ‘,clapping hands,2,0,U+1F44F
196,ğŸ™Œ,raising hands,2,0,U+1F64C
197,ğŸ«¶,âŠ› heart hands,2,1,U+1FAF6
198,ğŸ‘,open hands,2,0,U+1F450
199,ğŸ¤²,palms up together,2,0,U+1F932
200,ğŸ¤,handshake,2,0,U+1F91D
201,ğŸ™,folded hands,2,0,U+1F64F
202,âœ,writing hand,2,0,U+270D
203,ğŸ’…,nail polish,2,0,U+1F485
204,ğŸ¤³,selfie,2,0,U+1F933
205,ğŸ’ª,flexed biceps,2,0,U+1F4AA
206,ğŸ¦¾,mechanical arm,2,0,U+1F9BE
207,ğŸ¦¿,mechanical leg,2,0,U+1F9BF
208,ğŸ¦µ,leg,2,0,U+1F9B5
209,ğŸ¦¶,foot,2,0,U+1F9B6
210,ğŸ‘‚,ear,2,0,U+1F442
211,ğŸ¦»,ear with hearing aid,2,0,U+1F9BB
212,ğŸ‘ƒ,nose,2,0,U+1F443
213,ğŸ§ ,brain,2,0,U+1F9E0
214,ğŸ«€,anatomical heart,2,0,U+1FAC0
215,ğŸ«,lungs,2,0,U+1FAC1
216,ğŸ¦·,tooth,2,0,U+1F9B7
217,ğŸ¦´,bone,2,0,U+1F9B4
218,ğŸ‘€,eyes,2,0,U+1F440
219,ğŸ‘,eye,2,0,U+1F441
220,ğŸ‘…,tongue,2,0,U+1F445
221,ğŸ‘„,mouth,2,0,U+1F444
222,ğŸ«¦,âŠ› biting lip,2,1,U+1FAE6
223,ğŸ‘¶,baby,2,0,U+1F476
224,ğŸ§’,child,2,0,U+1F9D2
225,ğŸ‘¦,boy,2,0,U+1F466
226,ğŸ‘§,girl,2,0,U+1F467
227,ğŸ§‘,person,2,0,U+1F9D1
228,ğŸ‘±,person: blond hair,2,0,U+1F471
229,ğŸ‘¨,man,2,0,U+1F468
230,ğŸ§”,person: beard,2,0,U+1F9D4
231,ğŸ§”â€â™‚ï¸,man: beard,2,0,U+1F9D4 U+200D U+2642 U+FE0F
232,ğŸ§”â€â™€ï¸,woman: beard,2,0,U+1F9D4 U+200D U+2640 U+FE0F
233,ğŸ‘¨â€ğŸ¦°,man: red hair,2,0,U+1F468 U+200D U+1F9B0
234,ğŸ‘¨â€ğŸ¦±,man: curly hair,2,0,U+1F468 U+200D U+1F9B1
235,ğŸ‘¨â€ğŸ¦³,man: white hair,2,0,U+1F468 U+200D U+1F9B3
236,ğŸ‘¨â€ğŸ¦²,man: bald,2,0,U+1F468 U+200D U+1F9B2
237,ğŸ‘©,woman,2,0,U+1F469
238,ğŸ‘©â€ğŸ¦°,woman: red hair,2,0,U+1F469 U+200D U+1F9B0
239,ğŸ§‘â€ğŸ¦°,person: red hair,2,0,U+1F9D1 U+200D U+1F9B0
240,ğŸ‘©â€ğŸ¦±,woman: curly hair,2,0,U+1F469 U+200D U+1F9B1
241,ğŸ§‘â€ğŸ¦±,person: curly hair,2,0,U+1F9D1 U+200D U+1F9B1
242,ğŸ‘©â€ğŸ¦³,woman: white hair,2,0,U+1F469 U+200D U+1F9B3
243,ğŸ§‘â€ğŸ¦³,person: white hair,2,0,U+1F9D1 U+200D U+1F9B3
244,ğŸ‘©â€ğŸ¦²,woman: bald,2,0,U+1F469 U+200D U+1F9B2
245,ğŸ§‘â€ğŸ¦²,person: bald,2,0,U+1F9D1 U+200D U+1F9B2
246,ğŸ‘±â€â™€ï¸,woman: blond hair,2,0,U+1F471 U+200D U+2640 U+FE0F
247,ğŸ‘±â€â™‚ï¸,man: blond hair,2,0,U+1F471 U+200D U+2642 U+FE0F
248,ğŸ§“,older person,2,0,U+1F9D3
249,ğŸ‘´,old man,2,0,U+1F474
250,ğŸ‘µ,old woman,2,0,U+1F475
251,ğŸ™,person frowning,2,0,U+1F64D
252,ğŸ™â€â™‚ï¸,man frowning,2,0,U+1F64D U+200D U+2642 U+FE0F
253,ğŸ™â€â™€ï¸,woman frowning,2,0,U+1F64D U+200D U+2640 U+FE0F
254,ğŸ™,person pouting,2,0,U+1F64E
255,ğŸ™â€â™‚ï¸,man pouting,2,0,U+1F64E U+200D U+2642 U+FE0F
256,ğŸ™â€â™€ï¸,woman pouting,2,0,U+1F64E U+200D U+2640 U+FE0F
257,ğŸ™…,person gesturing NO,2,0,U+1F645
258,ğŸ™…â€â™‚ï¸,man gesturing NO,2,0,U+1F645 U+200D U+2642 U+FE0F
259,ğŸ™…â€â™€ï¸,woman gesturing NO,2,0,U+1F645 U+200D U+2640 U+FE0F
260,ğŸ™†,person gesturing OK,2,0,U+1F646
261,ğŸ™†â€â™‚ï¸,man gesturing OK,2,0,U+1F646 U+200D U+2642 U+FE0F
262,ğŸ™†â€â™€ï¸,woman gesturing OK,2,0,U+1F646 U+200D U+2640 U+FE0F
263,ğŸ’,person tipping hand,2,0,U+1F481
264,ğŸ’â€â™‚ï¸,man tipping hand,2,0,U+1F481 U+200D U+2642 U+FE0F
265,ğŸ’â€â™€ï¸,woman tipping hand,2,0,U+1F481 U+200D U+2640 U+FE0F
266,ğŸ™‹,person raising hand,2,0,U+1F64B
267,ğŸ™‹â€â™‚ï¸,man raising hand,2,0,U+1F64B U+200D U+2642 U+FE0F
268,ğŸ™‹â€â™€ï¸,woman raising hand,2,0,U+1F64B U+200D U+2640 U+FE0F
269,ğŸ§,deaf person,2,0,U+1F9CF
270,ğŸ§â€â™‚ï¸,deaf man,2,0,U+1F9CF U+200D U+2642 U+FE0F
271,ğŸ§â€â™€ï¸,deaf woman,2,0,U+1F9CF U+200D U+2640 U+FE0F
272,ğŸ™‡,person bowing,2,0,U+1F647
273,ğŸ™‡â€â™‚ï¸,man bowing,2,0,U+1F647 U+200D U+2642 U+FE0F
274,ğŸ™‡â€â™€ï¸,woman bowing,2,0,U+1F647 U+200D U+2640 U+FE0F
275,ğŸ¤¦,person facepalming,2,0,U+1F926
276,ğŸ¤¦â€â™‚ï¸,man facepalming,2,0,U+1F926 U+200D U+2642 U+FE0F
277,ğŸ¤¦â€â™€ï¸,woman facepalming,2,0,U+1F926 U+200D U+2640 U+FE0F
278,ğŸ¤·,person shrugging,2,0,U+1F937
279,ğŸ¤·â€â™‚ï¸,man shrugging,2,0,U+1F937 U+200D U+2642 U+FE0F
280,ğŸ¤·â€â™€ï¸,woman shrugging,2,0,U+1F937 U+200D U+2640 U+FE0F
281,ğŸ§‘â€âš•ï¸,health worker,2,0,U+1F9D1 U+200D U+2695 U+FE0F
282,ğŸ‘¨â€âš•ï¸,man health worker,2,0,U+1F468 U+200D U+2695 U+FE0F
283,ğŸ‘©â€âš•ï¸,woman health worker,2,0,U+1F469 U+200D U+2695 U+FE0F
284,ğŸ§‘â€ğŸ“,student,2,0,U+1F9D1 U+200D U+1F393
285,ğŸ‘¨â€ğŸ“,man student,2,0,U+1F468 U+200D U+1F393
286,ğŸ‘©â€ğŸ“,woman student,2,0,U+1F469 U+200D U+1F393
287,ğŸ§‘â€ğŸ«,teacher,2,0,U+1F9D1 U+200D U+1F3EB
288,ğŸ‘¨â€ğŸ«,man teacher,2,0,U+1F468 U+200D U+1F3EB
289,ğŸ‘©â€ğŸ«,woman teacher,2,0,U+1F469 U+200D U+1F3EB
290,ğŸ§‘â€âš–ï¸,judge,2,0,U+1F9D1 U+200D U+2696 U+FE0F
291,ğŸ‘¨â€âš–ï¸,man judge,2,0,U+1F468 U+200D U+2696 U+FE0F
292,ğŸ‘©â€âš–ï¸,woman judge,2,0,U+1F469 U+200D U+2696 U+FE0F
293,ğŸ§‘â€ğŸŒ¾,farmer,2,0,U+1F9D1 U+200D U+1F33E
294,ğŸ‘¨â€ğŸŒ¾,man farmer,2,0,U+1F468 U+200D U+1F33E
295,ğŸ‘©â€ğŸŒ¾,woman farmer,2,0,U+1F469 U+200D U+1F33E
296,ğŸ§‘â€ğŸ³,cook,2,0,U+1F9D1 U+200D U+1F373
297,ğŸ‘¨â€ğŸ³,man cook,2,0,U+1F468 U+200D U+1F373
298,ğŸ‘©â€ğŸ³,woman cook,2,0,U+1F469 U+200D U+1F373
299,ğŸ§‘â€ğŸ”§,mechanic,2,0,U+1F9D1 U+200D U+1F527
300,ğŸ‘¨â€ğŸ”§,man mechanic,2,0,U+1F468 U+200D U+1F527
301,ğŸ‘©â€ğŸ”§,woman mechanic,2,0,U+1F469 U+200D U+1F527
302,ğŸ§‘â€ğŸ­,factory worker,2,0,U+1F9D1 U+200D U+1F3ED
303,ğŸ‘¨â€ğŸ­,man factory worker,2,0,U+1F468 U+200D U+1F3ED
304,ğŸ‘©â€ğŸ­,woman factory worker,2,0,U+1F469 U+200D U+1F3ED
305,ğŸ§‘â€ğŸ’¼,office worker,2,0,U+1F9D1 U+200D U+1F4BC
306,ğŸ‘¨â€ğŸ’¼,man office worker,2,0,U+1F468 U+200D U+1F4BC
307,ğŸ‘©â€ğŸ’¼,woman office worker,2,0,U+1F469 U+200D U+1F4BC
308,ğŸ§‘â€ğŸ”¬,scientist,2,0,U+1F9D1 U+200D U+1F52C
309,ğŸ‘¨â€ğŸ”¬,man scientist,2,0,U+1F468 U+200D U+1F52C
310,ğŸ‘©â€ğŸ”¬,woman scientist,2,0,U+1F469 U+200D U+1F52C
311,ğŸ§‘â€ğŸ’»,technologist,2,0,U+1F9D1 U+200D U+1F4BB
312,ğŸ‘¨â€ğŸ’»,man technologist,2,0,U+1F468 U+200D U+1F4BB
313,ğŸ‘©â€ğŸ’»,woman technologist,2,0,U+1F469 U+200D U+1F4BB
314,ğŸ§‘â€ğŸ¤,singer,2,0,U+1F9D1 U+200D U+1F3A4
315,ğŸ‘¨â€ğŸ¤,man singer,2,0,U+1F468 U+200D U+1F3A4
316,ğŸ‘©â€ğŸ¤,woman singer,2,0,U+1F469 U+200D U+1F3A4
317,ğŸ§‘â€ğŸ¨,artist,2,0,U+1F9D1 U+200D U+1F3A8
318,ğŸ‘¨â€ğŸ¨,man artist,2,0,U+1F468 U+200D U+1F3A8
319,ğŸ‘©â€ğŸ¨,woman artist,2,0,U+1F469 U+200D U+1F3A8
320,ğŸ§‘â€âœˆï¸,pilot,2,0,U+1F9D1 U+200D U+2708 U+FE0F
321,ğŸ‘¨â€âœˆï¸,man pilot,2,0,U+1F468 U+200D U+2708 U+FE0F
322,ğŸ‘©â€âœˆï¸,woman pilot,2,0,U+1F469 U+200D U+2708 U+FE0F
323,ğŸ§‘â€ğŸš€,astronaut,2,0,U+1F9D1 U+200D U+1F680
324,ğŸ‘¨â€ğŸš€,man astronaut,2,0,U+1F468 U+200D U+1F680
325,ğŸ‘©â€ğŸš€,woman astronaut,2,0,U+1F469 U+200D U+1F680
326,ğŸ§‘â€ğŸš’,firefighter,2,0,U+1F9D1 U+200D U+1F692
327,ğŸ‘¨â€ğŸš’,man firefighter,2,0,U+1F468 U+200D U+1F692
328,ğŸ‘©â€ğŸš’,woman firefighter,2,0,U+1F469 U+200D U+1F692
329,ğŸ‘®,police officer,2,0,U+1F46E
330,ğŸ‘®â€â™‚ï¸,man police officer,2,0,U+1F46E U+200D U+2642 U+FE0F
331,ğŸ‘®â€â™€ï¸,woman police officer,2,0,U+1F46E U+200D U+2640 U+FE0F
332,ğŸ•µ,detective,2,0,U+1F575
333,ğŸ•µï¸â€â™‚ï¸,man detective,2,0,U+1F575 U+FE0F U+200D U+2642 U+FE0F
334,ğŸ•µï¸â€â™€ï¸,woman detective,2,0,U+1F575 U+FE0F U+200D U+2640 U+FE0F
335,ğŸ’‚,guard,2,0,U+1F482
336,ğŸ’‚â€â™‚ï¸,man guard,2,0,U+1F482 U+200D U+2642 U+FE0F
337,ğŸ’‚â€â™€ï¸,woman guard,2,0,U+1F482 U+200D U+2640 U+FE0F
338,ğŸ¥·,ninja,2,0,U+1F977
339,ğŸ‘·,construction worker,2,0,U+1F477
340,ğŸ‘·â€â™‚ï¸,man construction worker,2,0,U+1F477 U+200D U+2642 U+FE0F
341,ğŸ‘·â€â™€ï¸,woman construction worker,2,0,U+1F477 U+200D U+2640 U+FE0F
342,ğŸ«…,âŠ› person with crown,2,1,U+1FAC5
343,ğŸ¤´,prince,2,0,U+1F934
344,ğŸ‘¸,princess,2,0,U+1F478
345,ğŸ‘³,person wearing turban,2,0,U+1F473
346,ğŸ‘³â€â™‚ï¸,man wearing turban,2,0,U+1F473 U+200D U+2642 U+FE0F
347,ğŸ‘³â€â™€ï¸,woman wearing turban,2,0,U+1F473 U+200D U+2640 U+FE0F
348,ğŸ‘²,person with skullcap,2,0,U+1F472
349,ğŸ§•,woman with headscarf,2,0,U+1F9D5
350,ğŸ¤µ,person in tuxedo,2,0,U+1F935
351,ğŸ¤µâ€â™‚ï¸,man in tuxedo,2,0,U+1F935 U+200D U+2642 U+FE0F
352,ğŸ¤µâ€â™€ï¸,woman in tuxedo,2,0,U+1F935 U+200D U+2640 U+FE0F
353,ğŸ‘°,person with veil,2,0,U+1F470
354,ğŸ‘°â€â™‚ï¸,man with veil,2,0,U+1F470 U+200D U+2642 U+FE0F
355,ğŸ‘°â€â™€ï¸,woman with veil,2,0,U+1F470 U+200D U+2640 U+FE0F
356,ğŸ¤°,pregnant woman,2,0,U+1F930
357,ğŸ«ƒ,âŠ› pregnant man,2,1,U+1FAC3
358,ğŸ«„,âŠ› pregnant person,2,1,U+1FAC4
359,ğŸ¤±,breast-feeding,2,0,U+1F931
360,ğŸ‘©â€ğŸ¼,woman feeding baby,2,0,U+1F469 U+200D U+1F37C
361,ğŸ‘¨â€ğŸ¼,man feeding baby,2,0,U+1F468 U+200D U+1F37C
362,ğŸ§‘â€ğŸ¼,person feeding baby,2,0,U+1F9D1 U+200D U+1F37C
363,ğŸ‘¼,baby angel,2,0,U+1F47C
364,ğŸ…,Santa Claus,2,0,U+1F385
365,ğŸ¤¶,Mrs. Claus,2,0,U+1F936
366,ğŸ§‘â€ğŸ„,mx claus,2,0,U+1F9D1 U+200D U+1F384
367,ğŸ¦¸,superhero,2,0,U+1F9B8
368,ğŸ¦¸â€â™‚ï¸,man superhero,2,0,U+1F9B8 U+200D U+2642 U+FE0F
369,ğŸ¦¸â€â™€ï¸,woman superhero,2,0,U+1F9B8 U+200D U+2640 U+FE0F
370,ğŸ¦¹,supervillain,2,0,U+1F9B9
371,ğŸ¦¹â€â™‚ï¸,man supervillain,2,0,U+1F9B9 U+200D U+2642 U+FE0F
372,ğŸ¦¹â€â™€ï¸,woman supervillain,2,0,U+1F9B9 U+200D U+2640 U+FE0F
373,ğŸ§™,mage,2,0,U+1F9D9
374,ğŸ§™â€â™‚ï¸,man mage,2,0,U+1F9D9 U+200D U+2642 U+FE0F
375,ğŸ§™â€â™€ï¸,woman mage,2,0,U+1F9D9 U+200D U+2640 U+FE0F
376,ğŸ§š,fairy,2,0,U+1F9DA
377,ğŸ§šâ€â™‚ï¸,man fairy,2,0,U+1F9DA U+200D U+2642 U+FE0F
378,ğŸ§šâ€â™€ï¸,woman fairy,2,0,U+1F9DA U+200D U+2640 U+FE0F
379,ğŸ§›,vampire,2,0,U+1F9DB
380,ğŸ§›â€â™‚ï¸,man vampire,2,0,U+1F9DB U+200D U+2642 U+FE0F
381,ğŸ§›â€â™€ï¸,woman vampire,2,0,U+1F9DB U+200D U+2640 U+FE0F
382,ğŸ§œ,merperson,2,0,U+1F9DC
383,ğŸ§œâ€â™‚ï¸,merman,2,0,U+1F9DC U+200D U+2642 U+FE0F
384,ğŸ§œâ€â™€ï¸,mermaid,2,0,U+1F9DC U+200D U+2640 U+FE0F
385,ğŸ§,elf,2,0,U+1F9DD
386,ğŸ§â€â™‚ï¸,man elf,2,0,U+1F9DD U+200D U+2642 U+FE0F
387,ğŸ§â€â™€ï¸,woman elf,2,0,U+1F9DD U+200D U+2640 U+FE0F
388,ğŸ§,genie,2,0,U+1F9DE
389,ğŸ§â€â™‚ï¸,man genie,2,0,U+1F9DE U+200D U+2642 U+FE0F
390,ğŸ§â€â™€ï¸,woman genie,2,0,U+1F9DE U+200D U+2640 U+FE0F
391,ğŸ§Ÿ,zombie,2,0,U+1F9DF
392,ğŸ§Ÿâ€â™‚ï¸,man zombie,2,0,U+1F9DF U+200D U+2642 U+FE0F
393,ğŸ§Ÿâ€â™€ï¸,woman zombie,2,0,U+1F9DF U+200D U+2640 U+FE0F
394,ğŸ§Œ,âŠ› troll,2,1,U+1F9CC
395,ğŸ’†,person getting massage,2,0,U+1F486
396,ğŸ’†â€â™‚ï¸,man getting massage,2,0,U+1F486 U+200D U+2642 U+FE0F
397,ğŸ’†â€â™€ï¸,woman getting massage,2,0,U+1F486 U+200D U+2640 U+FE0F
398,ğŸ’‡,person getting haircut,2,0,U+1F487
399,ğŸ’‡â€â™‚ï¸,man getting haircut,2,0,U+1F487 U+200D U+2642 U+FE0F
400,ğŸ’‡â€â™€ï¸,woman getting haircut,2,0,U+1F487 U+200D U+2640 U+FE0F
401,ğŸš¶,person walking,2,0,U+1F6B6
402,ğŸš¶â€â™‚ï¸,man walking,2,0,U+1F6B6 U+200D U+2642 U+FE0F
403,ğŸš¶â€â™€ï¸,woman walking,2,0,U+1F6B6 U+200D U+2640 U+FE0F
404,ğŸ§,person standing,2,0,U+1F9CD
405,ğŸ§â€â™‚ï¸,man standing,2,0,U+1F9CD U+200D U+2642 U+FE0F
406,ğŸ§â€â™€ï¸,woman standing,2,0,U+1F9CD U+200D U+2640 U+FE0F
407,ğŸ§,person kneeling,2,0,U+1F9CE
408,ğŸ§â€â™‚ï¸,man kneeling,2,0,U+1F9CE U+200D U+2642 U+FE0F
409,ğŸ§â€â™€ï¸,woman kneeling,2,0,U+1F9CE U+200D U+2640 U+FE0F
410,ğŸ§‘â€ğŸ¦¯,person with white cane,2,0,U+1F9D1 U+200D U+1F9AF
411,ğŸ‘¨â€ğŸ¦¯,man with white cane,2,0,U+1F468 U+200D U+1F9AF
412,ğŸ‘©â€ğŸ¦¯,woman with white cane,2,0,U+1F469 U+200D U+1F9AF
413,ğŸ§‘â€ğŸ¦¼,person in motorized wheelchair,2,0,U+1F9D1 U+200D U+1F9BC
414,ğŸ‘¨â€ğŸ¦¼,man in motorized wheelchair,2,0,U+1F468 U+200D U+1F9BC
415,ğŸ‘©â€ğŸ¦¼,woman in motorized wheelchair,2,0,U+1F469 U+200D U+1F9BC
416,ğŸ§‘â€ğŸ¦½,person in manual wheelchair,2,0,U+1F9D1 U+200D U+1F9BD
417,ğŸ‘¨â€ğŸ¦½,man in manual wheelchair,2,0,U+1F468 U+200D U+1F9BD
418,ğŸ‘©â€ğŸ¦½,woman in manual wheelchair,2,0,U+1F469 U+200D U+1F9BD
419,ğŸƒ,person running,2,0,U+1F3C3
420,ğŸƒâ€â™‚ï¸,man running,2,0,U+1F3C3 U+200D U+2642 U+FE0F
421,ğŸƒâ€â™€ï¸,woman running,2,0,U+1F3C3 U+200D U+2640 U+FE0F
422,ğŸ’ƒ,woman dancing,2,0,U+1F483
423,ğŸ•º,man dancing,2,0,U+1F57A
424,ğŸ•´,person in suit levitating,2,0,U+1F574
425,ğŸ‘¯,people with bunny ears,2,0,U+1F46F
426,ğŸ‘¯â€â™‚ï¸,men with bunny ears,2,0,U+1F46F U+200D U+2642 U+FE0F
427,ğŸ‘¯â€â™€ï¸,women with bunny ears,2,0,U+1F46F U+200D U+2640 U+FE0F
428,ğŸ§–,person in steamy room,2,0,U+1F9D6
429,ğŸ§–â€â™‚ï¸,man in steamy room,2,0,U+1F9D6 U+200D U+2642 U+FE0F
430,ğŸ§–â€â™€ï¸,woman in steamy room,2,0,U+1F9D6 U+200D U+2640 U+FE0F
431,ğŸ§—,person climbing,2,0,U+1F9D7
432,ğŸ§—â€â™‚ï¸,man climbing,2,0,U+1F9D7 U+200D U+2642 U+FE0F
433,ğŸ§—â€â™€ï¸,woman climbing,2,0,U+1F9D7 U+200D U+2640 U+FE0F
434,ğŸ¤º,person fencing,2,0,U+1F93A
435,ğŸ‡,horse racing,2,0,U+1F3C7
436,â›·,skier,2,0,U+26F7
437,ğŸ‚,snowboarder,2,0,U+1F3C2
438,ğŸŒ,person golfing,2,0,U+1F3CC
439,ğŸŒï¸â€â™‚ï¸,man golfing,2,0,U+1F3CC U+FE0F U+200D U+2642 U+FE0F
440,ğŸŒï¸â€â™€ï¸,woman golfing,2,0,U+1F3CC U+FE0F U+200D U+2640 U+FE0F
441,ğŸ„,person surfing,2,0,U+1F3C4
442,ğŸ„â€â™‚ï¸,man surfing,2,0,U+1F3C4 U+200D U+2642 U+FE0F
443,ğŸ„â€â™€ï¸,woman surfing,2,0,U+1F3C4 U+200D U+2640 U+FE0F
444,ğŸš£,person rowing boat,2,0,U+1F6A3
445,ğŸš£â€â™‚ï¸,man rowing boat,2,0,U+1F6A3 U+200D U+2642 U+FE0F
446,ğŸš£â€â™€ï¸,woman rowing boat,2,0,U+1F6A3 U+200D U+2640 U+FE0F
447,ğŸŠ,person swimming,2,0,U+1F3CA
448,ğŸŠâ€â™‚ï¸,man swimming,2,0,U+1F3CA U+200D U+2642 U+FE0F
449,ğŸŠâ€â™€ï¸,woman swimming,2,0,U+1F3CA U+200D U+2640 U+FE0F
450,â›¹,person bouncing ball,2,0,U+26F9
451,â›¹ï¸â€â™‚ï¸,man bouncing ball,2,0,U+26F9 U+FE0F U+200D U+2642 U+FE0F
452,â›¹ï¸â€â™€ï¸,woman bouncing ball,2,0,U+26F9 U+FE0F U+200D U+2640 U+FE0F
453,ğŸ‹,person lifting weights,2,0,U+1F3CB
454,ğŸ‹ï¸â€â™‚ï¸,man lifting weights,2,0,U+1F3CB U+FE0F U+200D U+2642 U+FE0F
455,ğŸ‹ï¸â€â™€ï¸,woman lifting weights,2,0,U+1F3CB U+FE0F U+200D U+2640 U+FE0F
456,ğŸš´,person biking,2,0,U+1F6B4
457,ğŸš´â€â™‚ï¸,man biking,2,0,U+1F6B4 U+200D U+2642 U+FE0F
458,ğŸš´â€â™€ï¸,woman biking,2,0,U+1F6B4 U+200D U+2640 U+FE0F
459,ğŸšµ,person mountain biking,2,0,U+1F6B5
460,ğŸšµâ€â™‚ï¸,man mountain biking,2,0,U+1F6B5 U+200D U+2642 U+FE0F
461,ğŸšµâ€â™€ï¸,woman mountain biking,2,0,U+1F6B5 U+200D U+2640 U+FE0F
462,ğŸ¤¸,person cartwheeling,2,0,U+1F938
463,ğŸ¤¸â€â™‚ï¸,man cartwheeling,2,0,U+1F938 U+200D U+2642 U+FE0F
464,ğŸ¤¸â€â™€ï¸,woman cartwheeling,2,0,U+1F938 U+200D U+2640 U+FE0F
465,ğŸ¤¼,people wrestling,2,0,U+1F93C
466,ğŸ¤¼â€â™‚ï¸,men wrestling,2,0,U+1F93C U+200D U+2642 U+FE0F
467,ğŸ¤¼â€â™€ï¸,women wrestling,2,0,U+1F93C U+200D U+2640 U+FE0F
468,ğŸ¤½,person playing water polo,2,0,U+1F93D
469,ğŸ¤½â€â™‚ï¸,man playing water polo,2,0,U+1F93D U+200D U+2642 U+FE0F
470,ğŸ¤½â€â™€ï¸,woman playing water polo,2,0,U+1F93D U+200D U+2640 U+FE0F
471,ğŸ¤¾,person playing handball,2,0,U+1F93E
472,ğŸ¤¾â€â™‚ï¸,man playing handball,2,0,U+1F93E U+200D U+2642 U+FE0F
473,ğŸ¤¾â€â™€ï¸,woman playing handball,2,0,U+1F93E U+200D U+2640 U+FE0F
474,ğŸ¤¹,person juggling,2,0,U+1F939
475,ğŸ¤¹â€â™‚ï¸,man juggling,2,0,U+1F939 U+200D U+2642 U+FE0F
476,ğŸ¤¹â€â™€ï¸,woman juggling,2,0,U+1F939 U+200D U+2640 U+FE0F
477,ğŸ§˜,person in lotus position,2,0,U+1F9D8
478,ğŸ§˜â€â™‚ï¸,man in lotus position,2,0,U+1F9D8 U+200D U+2642 U+FE0F
479,ğŸ§˜â€â™€ï¸,woman in lotus position,2,0,U+1F9D8 U+200D U+2640 U+FE0F
480,ğŸ›€,person taking bath,2,0,U+1F6C0
481,ğŸ›Œ,person in bed,2,0,U+1F6CC
482,ğŸ§‘â€ğŸ¤â€ğŸ§‘,people holding hands,2,0,U+1F9D1 U+200D U+1F91D U+200D U+1F9D1
483,ğŸ‘­,women holding hands,2,0,U+1F46D
484,ğŸ‘«,woman and man holding hands,2,0,U+1F46B
485,ğŸ‘¬,men holding hands,2,0,U+1F46C
486,ğŸ’,kiss,2,0,U+1F48F
487,ğŸ‘©â€â¤ï¸â€ğŸ’‹â€ğŸ‘¨,"kiss: woman, man",2,0,U+1F469 U+200D U+2764 U+FE0F U+200D U+1F48B U+200D U+1F468
488,ğŸ‘¨â€â¤ï¸â€ğŸ’‹â€ğŸ‘¨,"kiss: man, man",2,0,U+1F468 U+200D U+2764 U+FE0F U+200D U+1F48B U+200D U+1F468
489,ğŸ‘©â€â¤ï¸â€ğŸ’‹â€ğŸ‘©,"kiss: woman, woman",2,0,U+1F469 U+200D U+2764 U+FE0F U+200D U+1F48B U+200D U+1F469
490,ğŸ’‘,couple with heart,2,0,U+1F491
491,ğŸ‘©â€â¤ï¸â€ğŸ‘¨,"couple with heart: woman, man",2,0,U+1F469 U+200D U+2764 U+FE0F U+200D U+1F468
492,ğŸ‘¨â€â¤ï¸â€ğŸ‘¨,"couple with heart: man, man",2,0,U+1F468 U+200D U+2764 U+FE0F U+200D U+1F468
493,ğŸ‘©â€â¤ï¸â€ğŸ‘©,"couple with heart: woman, woman",2,0,U+1F469 U+200D U+2764 U+FE0F U+200D U+1F469
494,ğŸ‘ª,family,2,0,U+1F46A
495,ğŸ‘¨â€ğŸ‘©â€ğŸ‘¦,"family: man, woman, boy",2,0,U+1F468 U+200D U+1F469 U+200D U+1F466
496,ğŸ‘¨â€ğŸ‘©â€ğŸ‘§,"family: man, woman, girl",2,0,U+1F468 U+200D U+1F469 U+200D U+1F467
497,ğŸ‘¨â€ğŸ‘©â€ğŸ‘§â€ğŸ‘¦,"family: man, woman, girl, boy",2,0,U+1F468 U+200D U+1F469 U+200D U+1F467 U+200D U+1F466
498,ğŸ‘¨â€ğŸ‘©â€ğŸ‘¦â€ğŸ‘¦,"family: man, woman, boy, boy",2,0,U+1F468 U+200D U+1F469 U+200D U+1F466 U+200D U+1F466
499,ğŸ‘¨â€ğŸ‘©â€ğŸ‘§â€ğŸ‘§,"family: man, woman, girl, girl",2,0,U+1F468 U+200D U+1F469 U+200D U+1F467 U+200D U+1F467
500,ğŸ‘¨â€ğŸ‘¨â€ğŸ‘¦,"family: man, man, boy",2,0,U+1F468 U+200D U+1F468 U+200D U+1F466
501,ğŸ‘¨â€ğŸ‘¨â€ğŸ‘§,"family: man, man, girl",2,0,U+1F468 U+200D U+1F468 U+200D U+1F467
502,ğŸ‘¨â€ğŸ‘¨â€ğŸ‘§â€ğŸ‘¦,"family: man, man, girl, boy",2,0,U+1F468 U+200D U+1F468 U+200D U+1F467 U+200D U+1F466
503,ğŸ‘¨â€ğŸ‘¨â€ğŸ‘¦â€ğŸ‘¦,"family: man, man, boy, boy",2,0,U+1F468 U+200D U+1F468 U+200D U+1F466 U+200D U+1F466
504,ğŸ‘¨â€ğŸ‘¨â€ğŸ‘§â€ğŸ‘§,"family: man, man, girl, girl",2,0,U+1F468 U+200D U+1F468 U+200D U+1F467 U+200D U+1F467
505,ğŸ‘©â€ğŸ‘©â€ğŸ‘¦,"family: woman, woman, boy",2,0,U+1F469 U+200D U+1F469 U+200D U+1F466
506,ğŸ‘©â€ğŸ‘©â€ğŸ‘§,"family: woman, woman, girl",2,0,U+1F469 U+200D U+1F469 U+200D U+1F467
507,ğŸ‘©â€ğŸ‘©â€ğŸ‘§â€ğŸ‘¦,"family: woman, woman, girl, boy",2,0,U+1F469 U+200D U+1F469 U+200D U+1F467 U+200D U+1F466
508,ğŸ‘©â€ğŸ‘©â€ğŸ‘¦â€ğŸ‘¦,"family: woman, woman, boy, boy",2,0,U+1F469 U+200D U+1F469 U+200D U+1F466 U+200D U+1F466
509,ğŸ‘©â€ğŸ‘©â€ğŸ‘§â€ğŸ‘§,"family: woman, woman, girl, girl",2,0,U+1F469 U+200D U+1F469 U+200D U+1F467 U+200D U+1F467
510,ğŸ‘¨â€ğŸ‘¦,"family: man, boy",2,0,U+1F468 U+200D U+1F466
511,ğŸ‘¨â€ğŸ‘¦â€ğŸ‘¦,"family: man, boy, boy",2,0,U+1F468 U+200D U+1F466 U+200D U+1F466
512,ğŸ‘¨â€ğŸ‘§,"family: man, girl",2,0,U+1F468 U+200D U+1F467
513,ğŸ‘¨â€ğŸ‘§â€ğŸ‘¦,"family: man, girl, boy",2,0,U+1F468 U+200D U+1F467 U+200D U+1F466
514,ğŸ‘¨â€ğŸ‘§â€ğŸ‘§,"family: man, girl, girl",2,0,U+1F468 U+200D U+1F467 U+200D U+1F467
515,ğŸ‘©â€ğŸ‘¦,"family: woman, boy",2,0,U+1F469 U+200D U+1F466
516,ğŸ‘©â€ğŸ‘¦â€ğŸ‘¦,"family: woman, boy, boy",2,0,U+1F469 U+200D U+1F466 U+200D U+1F466
517,ğŸ‘©â€ğŸ‘§,"family: woman, girl",2,0,U+1F469 U+200D U+1F467
518,ğŸ‘©â€ğŸ‘§â€ğŸ‘¦,"family: woman, girl, boy",2,0,U+1F469 U+200D U+1F467 U+200D U+1F466
519,ğŸ‘©â€ğŸ‘§â€ğŸ‘§,"family: woman, girl, girl",2,0,U+1F469 U+200D U+1F467 U+200D U+1F467
520,ğŸ—£,speaking head,2,0,U+1F5E3
521,ğŸ‘¤,bust in silhouette,2,0,U+1F464
522,ğŸ‘¥,busts in silhouette,2,0,U+1F465
523,ğŸ«‚,people hugging,2,0,U+1FAC2
524,ğŸ‘£,footprints,2,0,U+1F463
529,ğŸµ,monkey face,3,0,U+1F435
530,ğŸ’,monkey,3,0,U+1F412
531,ğŸ¦,gorilla,3,0,U+1F98D
532,ğŸ¦§,orangutan,3,0,U+1F9A7
533,ğŸ¶,dog face,3,0,U+1F436
534,ğŸ•,dog,3,0,U+1F415
535,ğŸ¦®,guide dog,3,0,U+1F9AE
536,ğŸ•â€ğŸ¦º,service dog,3,0,U+1F415 U+200D U+1F9BA
537,ğŸ©,poodle,3,0,U+1F429
538,ğŸº,wolf,3,0,U+1F43A
539,ğŸ¦Š,fox,3,0,U+1F98A
540,ğŸ¦,raccoon,3,0,U+1F99D
541,ğŸ±,cat face,3,0,U+1F431
542,ğŸˆ,cat,3,0,U+1F408
543,ğŸˆâ€â¬›,black cat,3,0,U+1F408 U+200D U+2B1B
544,ğŸ¦,lion,3,0,U+1F981
545,ğŸ¯,tiger face,3,0,U+1F42F
546,ğŸ…,tiger,3,0,U+1F405
547,ğŸ†,leopard,3,0,U+1F406
548,ğŸ´,horse face,3,0,U+1F434
549,ğŸ,horse,3,0,U+1F40E
550,ğŸ¦„,unicorn,3,0,U+1F984
551,ğŸ¦“,zebra,3,0,U+1F993
552,ğŸ¦Œ,deer,3,0,U+1F98C
553,ğŸ¦¬,bison,3,0,U+1F9AC
554,ğŸ®,cow face,3,0,U+1F42E
555,ğŸ‚,ox,3,0,U+1F402
556,ğŸƒ,water buffalo,3,0,U+1F403
557,ğŸ„,cow,3,0,U+1F404
558,ğŸ·,pig face,3,0,U+1F437
559,ğŸ–,pig,3,0,U+1F416
560,ğŸ—,boar,3,0,U+1F417
561,ğŸ½,pig nose,3,0,U+1F43D
562,ğŸ,ram,3,0,U+1F40F
563,ğŸ‘,ewe,3,0,U+1F411
564,ğŸ,goat,3,0,U+1F410
565,ğŸª,camel,3,0,U+1F42A
566,ğŸ«,two-hump camel,3,0,U+1F42B
567,ğŸ¦™,llama,3,0,U+1F999
568,ğŸ¦’,giraffe,3,0,U+1F992
569,ğŸ˜,elephant,3,0,U+1F418
570,ğŸ¦£,mammoth,3,0,U+1F9A3
571,ğŸ¦,rhinoceros,3,0,U+1F98F
572,ğŸ¦›,hippopotamus,3,0,U+1F99B
573,ğŸ­,mouse face,3,0,U+1F42D
574,ğŸ,mouse,3,0,U+1F401
575,ğŸ€,rat,3,0,U+1F400
576,ğŸ¹,hamster,3,0,U+1F439
577,ğŸ°,rabbit face,3,0,U+1F430
578,ğŸ‡,rabbit,3,0,U+1F407
579,ğŸ¿,chipmunk,3,0,U+1F43F
580,ğŸ¦«,beaver,3,0,U+1F9AB
581,ğŸ¦”,hedgehog,3,0,U+1F994
582,ğŸ¦‡,bat,3,0,U+1F987
583,ğŸ»,bear,3,0,U+1F43B
584,ğŸ»â€â„ï¸,polar bear,3,0,U+1F43B U+200D U+2744 U+FE0F
585,ğŸ¨,koala,3,0,U+1F428
586,ğŸ¼,panda,3,0,U+1F43C
587,ğŸ¦¥,sloth,3,0,U+1F9A5
588,ğŸ¦¦,otter,3,0,U+1F9A6
589,ğŸ¦¨,skunk,3,0,U+1F9A8
590,ğŸ¦˜,kangaroo,3,0,U+1F998
591,ğŸ¦¡,badger,3,0,U+1F9A1
592,ğŸ¾,paw prints,3,0,U+1F43E
593,ğŸ¦ƒ,turkey,3,0,U+1F983
594,ğŸ”,chicken,3,0,U+1F414
595,ğŸ“,rooster,3,0,U+1F413
596,ğŸ£,hatching chick,3,0,U+1F423
597,ğŸ¤,baby chick,3,0,U+1F424
598,ğŸ¥,front-facing baby chick,3,0,U+1F425
599,ğŸ¦,bird,3,0,U+1F426
600,ğŸ§,penguin,3,0,U+1F427
601,ğŸ•Š,dove,3,0,U+1F54A
602,ğŸ¦…,eagle,3,0,U+1F985
603,ğŸ¦†,duck,3,0,U+1F986
604,ğŸ¦¢,swan,3,0,U+1F9A2
605,ğŸ¦‰,owl,3,0,U+1F989
606,ğŸ¦¤,dodo,3,0,U+1F9A4
607,ğŸª¶,feather,3,0,U+1FAB6
608,ğŸ¦©,flamingo,3,0,U+1F9A9
609,ğŸ¦š,peacock,3,0,U+1F99A
610,ğŸ¦œ,parrot,3,0,U+1F99C
611,ğŸ¸,frog,3,0,U+1F438
612,ğŸŠ,crocodile,3,0,U+1F40A
613,ğŸ¢,turtle,3,0,U+1F422
614,ğŸ¦,lizard,3,0,U+1F98E
615,ğŸ,snake,3,0,U+1F40D
616,ğŸ²,dragon face,3,0,U+1F432
617,ğŸ‰,dragon,3,0,U+1F409
618,ğŸ¦•,sauropod,3,0,U+1F995
619,ğŸ¦–,T-Rex,3,0,U+1F996
620,ğŸ³,spouting whale,3,0,U+1F433
621,ğŸ‹,whale,3,0,U+1F40B
622,ğŸ¬,dolphin,3,0,U+1F42C
623,ğŸ¦­,seal,3,0,U+1F9AD
624,ğŸŸ,fish,3,0,U+1F41F
625,ğŸ ,tropical fish,3,0,U+1F420
626,ğŸ¡,blowfish,3,0,U+1F421
627,ğŸ¦ˆ,shark,3,0,U+1F988
628,ğŸ™,octopus,3,0,U+1F419
629,ğŸš,spiral shell,3,0,U+1F41A
630,ğŸª¸,âŠ› coral,3,1,U+1FAB8
631,ğŸŒ,snail,3,0,U+1F40C
632,ğŸ¦‹,butterfly,3,0,U+1F98B
633,ğŸ›,bug,3,0,U+1F41B
634,ğŸœ,ant,3,0,U+1F41C
635,ğŸ,honeybee,3,0,U+1F41D
636,ğŸª²,beetle,3,0,U+1FAB2
637,ğŸ,lady beetle,3,0,U+1F41E
638,ğŸ¦—,cricket,3,0,U+1F997
639,ğŸª³,cockroach,3,0,U+1FAB3
640,ğŸ•·,spider,3,0,U+1F577
641,ğŸ•¸,spider web,3,0,U+1F578
642,ğŸ¦‚,scorpion,3,0,U+1F982
643,ğŸ¦Ÿ,mosquito,3,0,U+1F99F
644,ğŸª°,fly,3,0,U+1FAB0
645,ğŸª±,worm,3,0,U+1FAB1
646,ğŸ¦ ,microbe,3,0,U+1F9A0
647,ğŸ’,bouquet,3,0,U+1F490
648,ğŸŒ¸,cherry blossom,3,0,U+1F338
649,ğŸ’®,white flower,3,0,U+1F4AE
650,ğŸª·,âŠ› lotus,3,1,U+1FAB7
651,ğŸµ,rosette,3,0,U+1F3F5
652,ğŸŒ¹,rose,3,0,U+1F339
653,ğŸ¥€,wilted flower,3,0,U+1F940
654,ğŸŒº,hibiscus,3,0,U+1F33A
655,ğŸŒ»,sunflower,3,0,U+1F33B
656,ğŸŒ¼,blossom,3,0,U+1F33C
657,ğŸŒ·,tulip,3,0,U+1F337
658,ğŸŒ±,seedling,3,0,U+1F331
659,ğŸª´,potted plant,3,0,U+1FAB4
660,ğŸŒ²,evergreen tree,3,0,U+1F332
661,ğŸŒ³,deciduous tree,3,0,U+1F333
662,ğŸŒ´,palm tree,3,0,U+1F334
663,ğŸŒµ,cactus,3,0,U+1F335
664,ğŸŒ¾,sheaf of rice,3,0,U+1F33E
665,ğŸŒ¿,herb,3,0,U+1F33F
666,â˜˜,shamrock,3,0,U+2618
667,ğŸ€,four leaf clover,3,0,U+1F340
668,ğŸ,maple leaf,3,0,U+1F341
669,ğŸ‚,fallen leaf,3,0,U+1F342
670,ğŸƒ,leaf fluttering in wind,3,0,U+1F343
671,ğŸª¹,âŠ› empty nest,3,1,U+1FAB9
672,ğŸªº,âŠ› nest with eggs,3,1,U+1FABA
673,ğŸ‡,grapes,4,0,U+1F347
674,ğŸˆ,melon,4,0,U+1F348
675,ğŸ‰,watermelon,4,0,U+1F349
676,ğŸŠ,tangerine,4,0,U+1F34A
677,ğŸ‹,lemon,4,0,U+1F34B
678,ğŸŒ,banana,4,0,U+1F34C
679,ğŸ,pineapple,4,0,U+1F34D
680,ğŸ¥­,mango,4,0,U+1F96D
681,ğŸ,red apple,4,0,U+1F34E
682,ğŸ,green apple,4,0,U+1F34F
683,ğŸ,pear,4,0,U+1F350
684,ğŸ‘,peach,4,0,U+1F351
685,ğŸ’,cherries,4,0,U+1F352
686,ğŸ“,strawberry,4,0,U+1F353
687,ğŸ«,blueberries,4,0,U+1FAD0
688,ğŸ¥,kiwi fruit,4,0,U+1F95D
689,ğŸ…,tomato,4,0,U+1F345
690,ğŸ«’,olive,4,0,U+1FAD2
691,ğŸ¥¥,coconut,4,0,U+1F965
692,ğŸ¥‘,avocado,4,0,U+1F951
693,ğŸ†,eggplant,4,0,U+1F346
694,ğŸ¥”,potato,4,0,U+1F954
695,ğŸ¥•,carrot,4,0,U+1F955
696,ğŸŒ½,ear of corn,4,0,U+1F33D
697,ğŸŒ¶,hot pepper,4,0,U+1F336
698,ğŸ«‘,bell pepper,4,0,U+1FAD1
699,ğŸ¥’,cucumber,4,0,U+1F952
700,ğŸ¥¬,leafy green,4,0,U+1F96C
701,ğŸ¥¦,broccoli,4,0,U+1F966
702,ğŸ§„,garlic,4,0,U+1F9C4
703,ğŸ§…,onion,4,0,U+1F9C5
704,ğŸ„,mushroom,4,0,U+1F344
705,ğŸ¥œ,peanuts,4,0,U+1F95C
706,ğŸ«˜,âŠ› beans,4,1,U+1FAD8
707,ğŸŒ°,chestnut,4,0,U+1F330
708,ğŸ,bread,4,0,U+1F35E
709,ğŸ¥,croissant,4,0,U+1F950
710,ğŸ¥–,baguette bread,4,0,U+1F956
711,ğŸ«“,flatbread,4,0,U+1FAD3
712,ğŸ¥¨,pretzel,4,0,U+1F968
713,ğŸ¥¯,bagel,4,0,U+1F96F
714,ğŸ¥,pancakes,4,0,U+1F95E
715,ğŸ§‡,waffle,4,0,U+1F9C7
716,ğŸ§€,cheese wedge,4,0,U+1F9C0
717,ğŸ–,meat on bone,4,0,U+1F356
718,ğŸ—,poultry leg,4,0,U+1F357
719,ğŸ¥©,cut of meat,4,0,U+1F969
720,ğŸ¥“,bacon,4,0,U+1F953
721,ğŸ”,hamburger,4,0,U+1F354
722,ğŸŸ,french fries,4,0,U+1F35F
723,ğŸ•,pizza,4,0,U+1F355
724,ğŸŒ­,hot dog,4,0,U+1F32D
725,ğŸ¥ª,sandwich,4,0,U+1F96A
726,ğŸŒ®,taco,4,0,U+1F32E
727,ğŸŒ¯,burrito,4,0,U+1F32F
728,ğŸ«”,tamale,4,0,U+1FAD4
729,ğŸ¥™,stuffed flatbread,4,0,U+1F959
730,ğŸ§†,falafel,4,0,U+1F9C6
731,ğŸ¥š,egg,4,0,U+1F95A
732,ğŸ³,cooking,4,0,U+1F373
733,ğŸ¥˜,shallow pan of food,4,0,U+1F958
734,ğŸ²,pot of food,4,0,U+1F372
735,ğŸ«•,fondue,4,0,U+1FAD5
736,ğŸ¥£,bowl with spoon,4,0,U+1F963
737,ğŸ¥—,green salad,4,0,U+1F957
738,ğŸ¿,popcorn,4,0,U+1F37F
739,ğŸ§ˆ,butter,4,0,U+1F9C8
740,ğŸ§‚,salt,4,0,U+1F9C2
741,ğŸ¥«,canned food,4,0,U+1F96B
742,ğŸ±,bento box,4,0,U+1F371
743,ğŸ˜,rice cracker,4,0,U+1F358
744,ğŸ™,rice ball,4,0,U+1F359
745,ğŸš,cooked rice,4,0,U+1F35A
746,ğŸ›,curry rice,4,0,U+1F35B
747,ğŸœ,steaming bowl,4,0,U+1F35C
748,ğŸ,spaghetti,4,0,U+1F35D
749,ğŸ ,roasted sweet potato,4,0,U+1F360
750,ğŸ¢,oden,4,0,U+1F362
751,ğŸ£,sushi,4,0,U+1F363
752,ğŸ¤,fried shrimp,4,0,U+1F364
753,ğŸ¥,fish cake with swirl,4,0,U+1F365
754,ğŸ¥®,moon cake,4,0,U+1F96E
755,ğŸ¡,dango,4,0,U+1F361
756,ğŸ¥Ÿ,dumpling,4,0,U+1F95F
757,ğŸ¥ ,fortune cookie,4,0,U+1F960
758,ğŸ¥¡,takeout box,4,0,U+1F961
759,ğŸ¦€,crab,4,0,U+1F980
760,ğŸ¦,lobster,4,0,U+1F99E
761,ğŸ¦,shrimp,4,0,U+1F990
762,ğŸ¦‘,squid,4,0,U+1F991
763,ğŸ¦ª,oyster,4,0,U+1F9AA
764,ğŸ¦,soft ice cream,4,0,U+1F366
765,ğŸ§,shaved ice,4,0,U+1F367
766,ğŸ¨,ice cream,4,0,U+1F368
767,ğŸ©,doughnut,4,0,U+1F369
768,ğŸª,cookie,4,0,U+1F36A
769,ğŸ‚,birthday cake,4,0,U+1F382
770,ğŸ°,shortcake,4,0,U+1F370
771,ğŸ§,cupcake,4,0,U+1F9C1
772,ğŸ¥§,pie,4,0,U+1F967
773,ğŸ«,chocolate bar,4,0,U+1F36B
774,ğŸ¬,candy,4,0,U+1F36C
775,ğŸ­,lollipop,4,0,U+1F36D
776,ğŸ®,custard,4,0,U+1F36E
777,ğŸ¯,honey pot,4,0,U+1F36F
778,ğŸ¼,baby bottle,4,0,U+1F37C
779,ğŸ¥›,glass of milk,4,0,U+1F95B
780,â˜•,hot beverage,4,0,U+2615
781,ğŸ«–,teapot,4,0,U+1FAD6
782,ğŸµ,teacup without handle,4,0,U+1F375
783,ğŸ¶,sake,4,0,U+1F376
784,ğŸ¾,bottle with popping cork,4,0,U+1F37E
785,ğŸ·,wine glass,4,0,U+1F377
786,ğŸ¸,cocktail glass,4,0,U+1F378
787,ğŸ¹,tropical drink,4,0,U+1F379
788,ğŸº,beer mug,4,0,U+1F37A
789,ğŸ»,clinking beer mugs,4,0,U+1F37B
790,ğŸ¥‚,clinking glasses,4,0,U+1F942
791,ğŸ¥ƒ,tumbler glass,4,0,U+1F943
792,ğŸ«—,âŠ› pouring liquid,4,1,U+1FAD7
793,ğŸ¥¤,cup with straw,4,0,U+1F964
794,ğŸ§‹,bubble tea,4,0,U+1F9CB
795,ğŸ§ƒ,beverage box,4,0,U+1F9C3
796,ğŸ§‰,mate,4,0,U+1F9C9
797,ğŸ§Š,ice,4,0,U+1F9CA
798,ğŸ¥¢,chopsticks,4,0,U+1F962
799,ğŸ½,fork and knife with plate,4,0,U+1F37D
800,ğŸ´,fork and knife,4,0,U+1F374
801,ğŸ¥„,spoon,4,0,U+1F944
802,ğŸ”ª,kitchen knife,4,0,U+1F52A
803,ğŸ«™,âŠ› jar,4,1,U+1FAD9
804,ğŸº,amphora,4,0,U+1F3FA
805,ğŸŒ,globe showing Europe-Africa,5,0,U+1F30D
806,ğŸŒ,globe showing Americas,5,0,U+1F30E
807,ğŸŒ,globe showing Asia-Australia,5,0,U+1F30F
808,ğŸŒ,globe with meridians,5,0,U+1F310
809,ğŸ—º,world map,5,0,U+1F5FA
810,ğŸ—¾,map of Japan,5,0,U+1F5FE
811,ğŸ§­,compass,5,0,U+1F9ED
812,ğŸ”,snow-capped mountain,5,0,U+1F3D4
813,â›°,mountain,5,0,U+26F0
814,ğŸŒ‹,volcano,5,0,U+1F30B
815,ğŸ—»,mount fuji,5,0,U+1F5FB
816,ğŸ•,camping,5,0,U+1F3D5
817,ğŸ–,beach with umbrella,5,0,U+1F3D6
818,ğŸœ,desert,5,0,U+1F3DC
819,ğŸ,desert island,5,0,U+1F3DD
820,ğŸ,national park,5,0,U+1F3DE
821,ğŸŸ,stadium,5,0,U+1F3DF
822,ğŸ›,classical building,5,0,U+1F3DB
823,ğŸ—,building construction,5,0,U+1F3D7
824,ğŸ§±,brick,5,0,U+1F9F1
825,ğŸª¨,rock,5,0,U+1FAA8
826,ğŸªµ,wood,5,0,U+1FAB5
827,ğŸ›–,hut,5,0,U+1F6D6
828,ğŸ˜,houses,5,0,U+1F3D8
829,ğŸš,derelict house,5,0,U+1F3DA
830,ğŸ ,house,5,0,U+1F3E0
831,ğŸ¡,house with garden,5,0,U+1F3E1
832,ğŸ¢,office building,5,0,U+1F3E2
833,ğŸ£,Japanese post office,5,0,U+1F3E3
834,ğŸ¤,post office,5,0,U+1F3E4
835,ğŸ¥,hospital,5,0,U+1F3E5
836,ğŸ¦,bank,5,0,U+1F3E6
837,ğŸ¨,hotel,5,0,U+1F3E8
838,ğŸ©,love hotel,5,0,U+1F3E9
839,ğŸª,convenience store,5,0,U+1F3EA
840,ğŸ«,school,5,0,U+1F3EB
841,ğŸ¬,department store,5,0,U+1F3EC
842,ğŸ­,factory,5,0,U+1F3ED
843,ğŸ¯,Japanese castle,5,0,U+1F3EF
844,ğŸ°,castle,5,0,U+1F3F0
845,ğŸ’’,wedding,5,0,U+1F492
846,ğŸ—¼,Tokyo tower,5,0,U+1F5FC
847,ğŸ—½,Statue of Liberty,5,0,U+1F5FD
848,â›ª,church,5,0,U+26EA
849,ğŸ•Œ,mosque,5,0,U+1F54C
850,ğŸ›•,hindu temple,5,0,U+1F6D5
851,ğŸ•,synagogue,5,0,U+1F54D
852,â›©,shinto shrine,5,0,U+26E9
853,ğŸ•‹,kaaba,5,0,U+1F54B
854,â›²,fountain,5,0,U+26F2
855,â›º,tent,5,0,U+26FA
856,ğŸŒ,foggy,5,0,U+1F301
857,ğŸŒƒ,night with stars,5,0,U+1F303
858,ğŸ™,cityscape,5,0,U+1F3D9
859,ğŸŒ„,sunrise over mountains,5,0,U+1F304
860,ğŸŒ…,sunrise,5,0,U+1F305
861,ğŸŒ†,cityscape at dusk,5,0,U+1F306
862,ğŸŒ‡,sunset,5,0,U+1F307
863,ğŸŒ‰,bridge at night,5,0,U+1F309
864,â™¨,hot springs,5,0,U+2668
865,ğŸ ,carousel horse,5,0,U+1F3A0
866,ğŸ›,âŠ› playground slide,5,1,U+1F6DD
867,ğŸ¡,ferris wheel,5,0,U+1F3A1
868,ğŸ¢,roller coaster,5,0,U+1F3A2
869,ğŸ’ˆ,barber pole,5,0,U+1F488
870,ğŸª,circus tent,5,0,U+1F3AA
871,ğŸš‚,locomotive,5,0,U+1F682
872,ğŸšƒ,railway car,5,0,U+1F683
873,ğŸš„,high-speed train,5,0,U+1F684
874,ğŸš…,bullet train,5,0,U+1F685
875,ğŸš†,train,5,0,U+1F686
876,ğŸš‡,metro,5,0,U+1F687
877,ğŸšˆ,light rail,5,0,U+1F688
878,ğŸš‰,station,5,0,U+1F689
879,ğŸšŠ,tram,5,0,U+1F68A
880,ğŸš,monorail,5,0,U+1F69D
881,ğŸš,mountain railway,5,0,U+1F69E
882,ğŸš‹,tram car,5,0,U+1F68B
883,ğŸšŒ,bus,5,0,U+1F68C
884,ğŸš,oncoming bus,5,0,U+1F68D
885,ğŸš,trolleybus,5,0,U+1F68E
886,ğŸš,minibus,5,0,U+1F690
887,ğŸš‘,ambulance,5,0,U+1F691
888,ğŸš’,fire engine,5,0,U+1F692
889,ğŸš“,police car,5,0,U+1F693
890,ğŸš”,oncoming police car,5,0,U+1F694
891,ğŸš•,taxi,5,0,U+1F695
892,ğŸš–,oncoming taxi,5,0,U+1F696
893,ğŸš—,automobile,5,0,U+1F697
894,ğŸš˜,oncoming automobile,5,0,U+1F698
895,ğŸš™,sport utility vehicle,5,0,U+1F699
896,ğŸ›»,pickup truck,5,0,U+1F6FB
897,ğŸšš,delivery truck,5,0,U+1F69A
898,ğŸš›,articulated lorry,5,0,U+1F69B
899,ğŸšœ,tractor,5,0,U+1F69C
900,ğŸ,racing car,5,0,U+1F3CE
901,ğŸ,motorcycle,5,0,U+1F3CD
902,ğŸ›µ,motor scooter,5,0,U+1F6F5
903,ğŸ¦½,manual wheelchair,5,0,U+1F9BD
904,ğŸ¦¼,motorized wheelchair,5,0,U+1F9BC
905,ğŸ›º,auto rickshaw,5,0,U+1F6FA
906,ğŸš²,bicycle,5,0,U+1F6B2
907,ğŸ›´,kick scooter,5,0,U+1F6F4
908,ğŸ›¹,skateboard,5,0,U+1F6F9
909,ğŸ›¼,roller skate,5,0,U+1F6FC
910,ğŸš,bus stop,5,0,U+1F68F
911,ğŸ›£,motorway,5,0,U+1F6E3
912,ğŸ›¤,railway track,5,0,U+1F6E4
913,ğŸ›¢,oil drum,5,0,U+1F6E2
914,â›½,fuel pump,5,0,U+26FD
915,ğŸ›,âŠ› wheel,5,1,U+1F6DE
916,ğŸš¨,police car light,5,0,U+1F6A8
917,ğŸš¥,horizontal traffic light,5,0,U+1F6A5
918,ğŸš¦,vertical traffic light,5,0,U+1F6A6
919,ğŸ›‘,stop sign,5,0,U+1F6D1
920,ğŸš§,construction,5,0,U+1F6A7
921,âš“,anchor,5,0,U+2693
922,ğŸ›Ÿ,âŠ› ring buoy,5,1,U+1F6DF
923,â›µ,sailboat,5,0,U+26F5
924,ğŸ›¶,canoe,5,0,U+1F6F6
925,ğŸš¤,speedboat,5,0,U+1F6A4
926,ğŸ›³,passenger ship,5,0,U+1F6F3
927,â›´,ferry,5,0,U+26F4
928,ğŸ›¥,motor boat,5,0,U+1F6E5
929,ğŸš¢,ship,5,0,U+1F6A2
930,âœˆ,airplane,5,0,U+2708
931,ğŸ›©,small airplane,5,0,U+1F6E9
932,ğŸ›«,airplane departure,5,0,U+1F6EB
933,ğŸ›¬,airplane arrival,5,0,U+1F6EC
934,ğŸª‚,parachute,5,0,U+1FA82
935,ğŸ’º,seat,5,0,U+1F4BA
936,ğŸš,helicopter,5,0,U+1F681
937,ğŸšŸ,suspension railway,5,0,U+1F69F
938,ğŸš ,mountain cableway,5,0,U+1F6A0
939,ğŸš¡,aerial tramway,5,0,U+1F6A1
940,ğŸ›°,satellite,5,0,U+1F6F0
941,ğŸš€,rocket,5,0,U+1F680
942,ğŸ›¸,flying saucer,5,0,U+1F6F8
943,ğŸ›,bellhop bell,5,0,U+1F6CE
944,ğŸ§³,luggage,5,0,U+1F9F3
945,âŒ›,hourglass done,5,0,U+231B
946,â³,hourglass not done,5,0,U+23F3
947,âŒš,watch,5,0,U+231A
948,â°,alarm clock,5,0,U+23F0
949,â±,stopwatch,5,0,U+23F1
950,â²,timer clock,5,0,U+23F2
951,ğŸ•°,mantelpiece clock,5,0,U+1F570
952,ğŸ•›,twelve oâ€™clock,5,0,U+1F55B
953,ğŸ•§,twelve-thirty,5,0,U+1F567
954,ğŸ•,one oâ€™clock,5,0,U+1F550
955,ğŸ•œ,one-thirty,5,0,U+1F55C
956,ğŸ•‘,two oâ€™clock,5,0,U+1F551
957,ğŸ•,two-thirty,5,0,U+1F55D
958,ğŸ•’,three oâ€™clock,5,0,U+1F552
959,ğŸ•,three-thirty,5,0,U+1F55E
960,ğŸ•“,four oâ€™clock,5,0,U+1F553
961,ğŸ•Ÿ,four-thirty,5,0,U+1F55F
962,ğŸ•”,five oâ€™clock,5,0,U+1F554
963,ğŸ• ,five-thirty,5,0,U+1F560
964,ğŸ••,six oâ€™clock,5,0,U+1F555
965,ğŸ•¡,six-thirty,5,0,U+1F561
966,ğŸ•–,seven oâ€™clock,5,0,U+1F556
967,ğŸ•¢,seven-thirty,5,0,U+1F562
968,ğŸ•—,eight oâ€™clock,5,0,U+1F557
969,ğŸ•£,eight-thirty,5,0,U+1F563
970,ğŸ•˜,nine oâ€™clock,5,0,U+1F558
971,ğŸ•¤,nine-thirty,5,0,U+1F564
972,ğŸ•™,ten oâ€™clock,5,0,U+1F559
973,ğŸ•¥,ten-thirty,5,0,U+1F565
974,ğŸ•š,eleven oâ€™clock,5,0,U+1F55A
975,ğŸ•¦,eleven-thirty,5,0,U+1F566
976,ğŸŒ‘,new moon,5,0,U+1F311
977,ğŸŒ’,waxing crescent moon,5,0,U+1F312
978,ğŸŒ“,first quarter moon,5,0,U+1F313
979,ğŸŒ”,waxing gibbous moon,5,0,U+1F314
980,ğŸŒ•,full moon,5,0,U+1F315
981,ğŸŒ–,waning gibbous moon,5,0,U+1F316
982,ğŸŒ—,last quarter moon,5,0,U+1F317
983,ğŸŒ˜,waning crescent moon,5,0,U+1F318
984,ğŸŒ™,crescent moon,5,0,U+1F319
985,ğŸŒš,new moon face,5,0,U+1F31A
986,ğŸŒ›,first quarter moon face,5,0,U+1F31B
987,ğŸŒœ,last quarter moon face,5,0,U+1F31C
988,ğŸŒ¡,thermometer,5,0,U+1F321
989,â˜€,sun,5,0,U+2600
990,ğŸŒ,full moon face,5,0,U+1F31D
991,ğŸŒ,sun with face,5,0,U+1F31E
992,ğŸª,ringed planet,5,0,U+1FA90
993,â­,star,5,0,U+2B50
994,ğŸŒŸ,glowing star,5,0,U+1F31F
995,ğŸŒ ,shooting star,5,0,U+1F320
996,ğŸŒŒ,milky way,5,0,U+1F30C
997,â˜,cloud,5,0,U+2601
998,â›…,sun behind cloud,5,0,U+26C5
999,â›ˆ,cloud with lightning and rain,5,0,U+26C8
1000,ğŸŒ¤,sun behind small cloud,5,0,U+1F324
1001,ğŸŒ¥,sun behind large cloud,5,0,U+1F325
1002,ğŸŒ¦,sun behind rain cloud,5,0,U+1F326
1003,ğŸŒ§,cloud with rain,5,0,U+1F327
1004,ğŸŒ¨,cloud with snow,5,0,U+1F328
1005,ğŸŒ©,cloud with lightning,5,0,U+1F329
1006,ğŸŒª,tornado,5,0,U+1F32A
1007,ğŸŒ«,fog,5,0,U+1F32B
1008,ğŸŒ¬,wind face,5,0,U+1F32C
1009,ğŸŒ€,cyclone,5,0,U+1F300
1010,ğŸŒˆ,rainbow,5,0,U+1F308
1011,ğŸŒ‚,closed umbrella,5,0,U+1F302
1012,â˜‚,umbrella,5,0,U+2602
1013,â˜”,umbrella with rain drops,5,0,U+2614
1014,â›±,umbrella on ground,5,0,U+26F1
1015,âš¡,high voltage,5,0,U+26A1
1016,â„,snowflake,5,0,U+2744
1017,â˜ƒ,snowman,5,0,U+2603
1018,â›„,snowman without snow,5,0,U+26C4
1019,â˜„,comet,5,0,U+2604
1020,ğŸ”¥,fire,5,0,U+1F525
1021,ğŸ’§,droplet,5,0,U+1F4A7
1022,ğŸŒŠ,water wave,5,0,U+1F30A
1023,ğŸƒ,jack-o-lantern,6,0,U+1F383
1024,ğŸ„,Christmas tree,6,0,U+1F384
1025,ğŸ†,fireworks,6,0,U+1F386
1026,ğŸ‡,sparkler,6,0,U+1F387
1027,ğŸ§¨,firecracker,6,0,U+1F9E8
1028,âœ¨,sparkles,6,0,U+2728
1029,ğŸˆ,balloon,6,0,U+1F388
1030,ğŸ‰,party popper,6,0,U+1F389
1031,ğŸŠ,confetti ball,6,0,U+1F38A
1032,ğŸ‹,tanabata tree,6,0,U+1F38B
1033,ğŸ,pine decoration,6,0,U+1F38D
1034,ğŸ,Japanese dolls,6,0,U+1F38E
1035,ğŸ,carp streamer,6,0,U+1F38F
1036,ğŸ,wind chime,6,0,U+1F390
1037,ğŸ‘,moon viewing ceremony,6,0,U+1F391
1038,ğŸ§§,red envelope,6,0,U+1F9E7
1039,ğŸ€,ribbon,6,0,U+1F380
1040,ğŸ,wrapped gift,6,0,U+1F381
1041,ğŸ—,reminder ribbon,6,0,U+1F397
1042,ğŸŸ,admission tickets,6,0,U+1F39F
1043,ğŸ«,ticket,6,0,U+1F3AB
1044,ğŸ–,military medal,6,0,U+1F396
1045,ğŸ†,trophy,6,0,U+1F3C6
1046,ğŸ…,sports medal,6,0,U+1F3C5
1047,ğŸ¥‡,1st place medal,6,0,U+1F947
1048,ğŸ¥ˆ,2nd place medal,6,0,U+1F948
1049,ğŸ¥‰,3rd place medal,6,0,U+1F949
1050,âš½,soccer ball,6,0,U+26BD
1051,âš¾,baseball,6,0,U+26BE
1052,ğŸ¥,softball,6,0,U+1F94E
1053,ğŸ€,basketball,6,0,U+1F3C0
1054,ğŸ,volleyball,6,0,U+1F3D0
1055,ğŸˆ,american football,6,0,U+1F3C8
1056,ğŸ‰,rugby football,6,0,U+1F3C9
1057,ğŸ¾,tennis,6,0,U+1F3BE
1058,ğŸ¥,flying disc,6,0,U+1F94F
1059,ğŸ³,bowling,6,0,U+1F3B3
1060,ğŸ,cricket game,6,0,U+1F3CF
1061,ğŸ‘,field hockey,6,0,U+1F3D1
1062,ğŸ’,ice hockey,6,0,U+1F3D2
1063,ğŸ¥,lacrosse,6,0,U+1F94D
1064,ğŸ“,ping pong,6,0,U+1F3D3
1065,ğŸ¸,badminton,6,0,U+1F3F8
1066,ğŸ¥Š,boxing glove,6,0,U+1F94A
1067,ğŸ¥‹,martial arts uniform,6,0,U+1F94B
1068,ğŸ¥…,goal net,6,0,U+1F945
1069,â›³,flag in hole,6,0,U+26F3
1070,â›¸,ice skate,6,0,U+26F8
1071,ğŸ£,fishing pole,6,0,U+1F3A3
1072,ğŸ¤¿,diving mask,6,0,U+1F93F
1073,ğŸ½,running shirt,6,0,U+1F3BD
1074,ğŸ¿,skis,6,0,U+1F3BF
1075,ğŸ›·,sled,6,0,U+1F6F7
1076,ğŸ¥Œ,curling stone,6,0,U+1F94C
1077,ğŸ¯,bullseye,6,0,U+1F3AF
1078,ğŸª€,yo-yo,6,0,U+1FA80
1079,ğŸª,kite,6,0,U+1FA81
1080,ğŸ±,pool 8 ball,6,0,U+1F3B1
1081,ğŸ”®,crystal ball,6,0,U+1F52E
1082,ğŸª„,magic wand,6,0,U+1FA84
1083,ğŸ§¿,nazar amulet,6,0,U+1F9FF
1084,ğŸª¬,âŠ› hamsa,6,1,U+1FAAC
1085,ğŸ®,video game,6,0,U+1F3AE
1086,ğŸ•¹,joystick,6,0,U+1F579
1087,ğŸ°,slot machine,6,0,U+1F3B0
1088,ğŸ²,game die,6,0,U+1F3B2
1089,ğŸ§©,puzzle piece,6,0,U+1F9E9
1090,ğŸ§¸,teddy bear,6,0,U+1F9F8
1091,ğŸª…,piÃ±ata,6,0,U+1FA85
1092,ğŸª©,âŠ› mirror ball,6,1,U+1FAA9
1093,ğŸª†,nesting dolls,6,0,U+1FA86
1094,â™ ,spade suit,6,0,U+2660
1095,â™¥,heart suit,6,0,U+2665
1096,â™¦,diamond suit,6,0,U+2666
1097,â™£,club suit,6,0,U+2663
1098,â™Ÿ,chess pawn,6,0,U+265F
1099,ğŸƒ,joker,6,0,U+1F0CF
1100,ğŸ€„,mahjong red dragon,6,0,U+1F004
1101,ğŸ´,flower playing cards,6,0,U+1F3B4
1102,ğŸ­,performing arts,6,0,U+1F3AD
1103,ğŸ–¼,framed picture,6,0,U+1F5BC
1104,ğŸ¨,artist palette,6,0,U+1F3A8
1105,ğŸ§µ,thread,6,0,U+1F9F5
1106,ğŸª¡,sewing needle,6,0,U+1FAA1
1107,ğŸ§¶,yarn,6,0,U+1F9F6
1108,ğŸª¢,knot,6,0,U+1FAA2
1109,ğŸ‘“,glasses,7,0,U+1F453
1110,ğŸ•¶,sunglasses,7,0,U+1F576
1111,ğŸ¥½,goggles,7,0,U+1F97D
1112,ğŸ¥¼,lab coat,7,0,U+1F97C
1113,ğŸ¦º,safety vest,7,0,U+1F9BA
1114,ğŸ‘”,necktie,7,0,U+1F454
1115,ğŸ‘•,t-shirt,7,0,U+1F455
1116,ğŸ‘–,jeans,7,0,U+1F456
1117,ğŸ§£,scarf,7,0,U+1F9E3
1118,ğŸ§¤,gloves,7,0,U+1F9E4
1119,ğŸ§¥,coat,7,0,U+1F9E5
1120,ğŸ§¦,socks,7,0,U+1F9E6
1121,ğŸ‘—,dress,7,0,U+1F457
1122,ğŸ‘˜,kimono,7,0,U+1F458
1123,ğŸ¥»,sari,7,0,U+1F97B
1124,ğŸ©±,one-piece swimsuit,7,0,U+1FA71
1125,ğŸ©²,briefs,7,0,U+1FA72
1126,ğŸ©³,shorts,7,0,U+1FA73
1127,ğŸ‘™,bikini,7,0,U+1F459
1128,ğŸ‘š,womanâ€™s clothes,7,0,U+1F45A
1129,ğŸ‘›,purse,7,0,U+1F45B
1130,ğŸ‘œ,handbag,7,0,U+1F45C
1131,ğŸ‘,clutch bag,7,0,U+1F45D
1132,ğŸ›,shopping bags,7,0,U+1F6CD
1133,ğŸ’,backpack,7,0,U+1F392
1134,ğŸ©´,thong sandal,7,0,U+1FA74
1135,ğŸ‘,manâ€™s shoe,7,0,U+1F45E
1136,ğŸ‘Ÿ,running shoe,7,0,U+1F45F
1137,ğŸ¥¾,hiking boot,7,0,U+1F97E
1138,ğŸ¥¿,flat shoe,7,0,U+1F97F
1139,ğŸ‘ ,high-heeled shoe,7,0,U+1F460
1140,ğŸ‘¡,womanâ€™s sandal,7,0,U+1F461
1141,ğŸ©°,ballet shoes,7,0,U+1FA70
1142,ğŸ‘¢,womanâ€™s boot,7,0,U+1F462
1143,ğŸ‘‘,crown,7,0,U+1F451
1144,ğŸ‘’,womanâ€™s hat,7,0,U+1F452
1145,ğŸ©,top hat,7,0,U+1F3A9
1146,ğŸ“,graduation cap,7,0,U+1F393
1147,ğŸ§¢,billed cap,7,0,U+1F9E2
1148,ğŸª–,military helmet,7,0,U+1FA96
1149,â›‘,rescue workerâ€™s helmet,7,0,U+26D1
1150,ğŸ“¿,prayer beads,7,0,U+1F4FF
1151,ğŸ’„,lipstick,7,0,U+1F484
1152,ğŸ’,ring,7,0,U+1F48D
1153,ğŸ’,gem stone,7,0,U+1F48E
1154,ğŸ”‡,muted speaker,7,0,U+1F507
1155,ğŸ”ˆ,speaker low volume,7,0,U+1F508
1156,ğŸ”‰,speaker medium volume,7,0,U+1F509
1157,ğŸ”Š,speaker high volume,7,0,U+1F50A
1158,ğŸ“¢,loudspeaker,7,0,U+1F4E2
1159,ğŸ“£,megaphone,7,0,U+1F4E3
1160,ğŸ“¯,postal horn,7,0,U+1F4EF
1161,ğŸ””,bell,7,0,U+1F514
1162,ğŸ”•,bell with slash,7,0,U+1F515
1163,ğŸ¼,musical score,7,0,U+1F3BC
1164,ğŸµ,musical note,7,0,U+1F3B5
1165,ğŸ¶,musical notes,7,0,U+1F3B6
1166,ğŸ™,studio microphone,7,0,U+1F399
1167,ğŸš,level slider,7,0,U+1F39A
1168,ğŸ›,control knobs,7,0,U+1F39B
1169,ğŸ¤,microphone,7,0,U+1F3A4
1170,ğŸ§,headphone,7,0,U+1F3A7
1171,ğŸ“»,radio,7,0,U+1F4FB
1172,ğŸ·,saxophone,7,0,U+1F3B7
1173,ğŸª—,accordion,7,0,U+1FA97
1174,ğŸ¸,guitar,7,0,U+1F3B8
1175,ğŸ¹,musical keyboard,7,0,U+1F3B9
1176,ğŸº,trumpet,7,0,U+1F3BA
1177,ğŸ»,violin,7,0,U+1F3BB
1178,ğŸª•,banjo,7,0,U+1FA95
1179,ğŸ¥,drum,7,0,U+1F941
1180,ğŸª˜,long drum,7,0,U+1FA98
1181,ğŸ“±,mobile phone,7,0,U+1F4F1
1182,ğŸ“²,mobile phone with arrow,7,0,U+1F4F2
1183,â˜,telephone,7,0,U+260E
1184,ğŸ“,telephone receiver,7,0,U+1F4DE
1185,ğŸ“Ÿ,pager,7,0,U+1F4DF
1186,ğŸ“ ,fax machine,7,0,U+1F4E0
1187,ğŸ”‹,battery,7,0,U+1F50B
1188,ğŸª«,âŠ› low battery,7,1,U+1FAAB
1189,ğŸ”Œ,electric plug,7,0,U+1F50C
1190,ğŸ’»,laptop,7,0,U+1F4BB
1191,ğŸ–¥,desktop computer,7,0,U+1F5A5
1192,ğŸ–¨,printer,7,0,U+1F5A8
1193,âŒ¨,keyboard,7,0,U+2328
1194,ğŸ–±,computer mouse,7,0,U+1F5B1
1195,ğŸ–²,trackball,7,0,U+1F5B2
1196,ğŸ’½,computer disk,7,0,U+1F4BD
1197,ğŸ’¾,floppy disk,7,0,U+1F4BE
1198,ğŸ’¿,optical disk,7,0,U+1F4BF
1199,ğŸ“€,dvd,7,0,U+1F4C0
1200,ğŸ§®,abacus,7,0,U+1F9EE
1201,ğŸ¥,movie camera,7,0,U+1F3A5
1202,ğŸ,film frames,7,0,U+1F39E
1203,ğŸ“½,film projector,7,0,U+1F4FD
1204,ğŸ¬,clapper board,7,0,U+1F3AC
1205,ğŸ“º,television,7,0,U+1F4FA
1206,ğŸ“·,camera,7,0,U+1F4F7
1207,ğŸ“¸,camera with flash,7,0,U+1F4F8
1208,ğŸ“¹,video camera,7,0,U+1F4F9
1209,ğŸ“¼,videocassette,7,0,U+1F4FC
1210,ğŸ”,magnifying glass tilted left,7,0,U+1F50D
1211,ğŸ”,magnifying glass tilted right,7,0,U+1F50E
1212,ğŸ•¯,candle,7,0,U+1F56F
1213,ğŸ’¡,light bulb,7,0,U+1F4A1
1214,ğŸ”¦,flashlight,7,0,U+1F526
1215,ğŸ®,red paper lantern,7,0,U+1F3EE
1216,ğŸª”,diya lamp,7,0,U+1FA94
1217,ğŸ“”,notebook with decorative cover,7,0,U+1F4D4
1218,ğŸ“•,closed book,7,0,U+1F4D5
1219,ğŸ“–,open book,7,0,U+1F4D6
1220,ğŸ“—,green book,7,0,U+1F4D7
1221,ğŸ“˜,blue book,7,0,U+1F4D8
1222,ğŸ“™,orange book,7,0,U+1F4D9
1223,ğŸ“š,books,7,0,U+1F4DA
1224,ğŸ““,notebook,7,0,U+1F4D3
1225,ğŸ“’,ledger,7,0,U+1F4D2
1226,ğŸ“ƒ,page with curl,7,0,U+1F4C3
1227,ğŸ“œ,scroll,7,0,U+1F4DC
1228,ğŸ“„,page facing up,7,0,U+1F4C4
1229,ğŸ“°,newspaper,7,0,U+1F4F0
1230,ğŸ—,rolled-up newspaper,7,0,U+1F5DE
1231,ğŸ“‘,bookmark tabs,7,0,U+1F4D1
1232,ğŸ”–,bookmark,7,0,U+1F516
1233,ğŸ·,label,7,0,U+1F3F7
1234,ğŸ’°,money bag,7,0,U+1F4B0
1235,ğŸª™,coin,7,0,U+1FA99
1236,ğŸ’´,yen banknote,7,0,U+1F4B4
1237,ğŸ’µ,dollar banknote,7,0,U+1F4B5
1238,ğŸ’¶,euro banknote,7,0,U+1F4B6
1239,ğŸ’·,pound banknote,7,0,U+1F4B7
1240,ğŸ’¸,money with wings,7,0,U+1F4B8
1241,ğŸ’³,credit card,7,0,U+1F4B3
1242,ğŸ§¾,receipt,7,0,U+1F9FE
1243,ğŸ’¹,chart increasing with yen,7,0,U+1F4B9
1244,âœ‰,envelope,7,0,U+2709
1245,ğŸ“§,e-mail,7,0,U+1F4E7
1246,ğŸ“¨,incoming envelope,7,0,U+1F4E8
1247,ğŸ“©,envelope with arrow,7,0,U+1F4E9
1248,ğŸ“¤,outbox tray,7,0,U+1F4E4
1249,ğŸ“¥,inbox tray,7,0,U+1F4E5
1250,ğŸ“¦,package,7,0,U+1F4E6
1251,ğŸ“«,closed mailbox with raised flag,7,0,U+1F4EB
1252,ğŸ“ª,closed mailbox with lowered flag,7,0,U+1F4EA
1253,ğŸ“¬,open mailbox with raised flag,7,0,U+1F4EC
1254,ğŸ“­,open mailbox with lowered flag,7,0,U+1F4ED
1255,ğŸ“®,postbox,7,0,U+1F4EE
1256,ğŸ—³,ballot box with ballot,7,0,U+1F5F3
1257,âœ,pencil,7,0,U+270F
1258,âœ’,black nib,7,0,U+2712
1259,ğŸ–‹,fountain pen,7,0,U+1F58B
1260,ğŸ–Š,pen,7,0,U+1F58A
1261,ğŸ–Œ,paintbrush,7,0,U+1F58C
1262,ğŸ–,crayon,7,0,U+1F58D
1263,ğŸ“,memo,7,0,U+1F4DD
1264,ğŸ’¼,briefcase,7,0,U+1F4BC
1265,ğŸ“,file folder,7,0,U+1F4C1
1266,ğŸ“‚,open file folder,7,0,U+1F4C2
1267,ğŸ—‚,card index dividers,7,0,U+1F5C2
1268,ğŸ“…,calendar,7,0,U+1F4C5
1269,ğŸ“†,tear-off calendar,7,0,U+1F4C6
1270,ğŸ—’,spiral notepad,7,0,U+1F5D2
1271,ğŸ—“,spiral calendar,7,0,U+1F5D3
1272,ğŸ“‡,card index,7,0,U+1F4C7
1273,ğŸ“ˆ,chart increasing,7,0,U+1F4C8
1274,ğŸ“‰,chart decreasing,7,0,U+1F4C9
1275,ğŸ“Š,bar chart,7,0,U+1F4CA
1276,ğŸ“‹,clipboard,7,0,U+1F4CB
1277,ğŸ“Œ,pushpin,7,0,U+1F4CC
1278,ğŸ“,round pushpin,7,0,U+1F4CD
1279,ğŸ“,paperclip,7,0,U+1F4CE
1280,ğŸ–‡,linked paperclips,7,0,U+1F587
1281,ğŸ“,straight ruler,7,0,U+1F4CF
1282,ğŸ“,triangular ruler,7,0,U+1F4D0
1283,âœ‚,scissors,7,0,U+2702
1284,ğŸ—ƒ,card file box,7,0,U+1F5C3
1285,ğŸ—„,file cabinet,7,0,U+1F5C4
1286,ğŸ—‘,wastebasket,7,0,U+1F5D1
1287,ğŸ”’,locked,7,0,U+1F512
1288,ğŸ”“,unlocked,7,0,U+1F513
1289,ğŸ”,locked with pen,7,0,U+1F50F
1290,ğŸ”,locked with key,7,0,U+1F510
1291,ğŸ”‘,key,7,0,U+1F511
1292,ğŸ—,old key,7,0,U+1F5DD
1293,ğŸ”¨,hammer,7,0,U+1F528
1294,ğŸª“,axe,7,0,U+1FA93
1295,â›,pick,7,0,U+26CF
1296,âš’,hammer and pick,7,0,U+2692
1297,ğŸ› ,hammer and wrench,7,0,U+1F6E0
1298,ğŸ—¡,dagger,7,0,U+1F5E1
1299,âš”,crossed swords,7,0,U+2694
1300,ğŸ”«,water pistol,7,0,U+1F52B
1301,ğŸªƒ,boomerang,7,0,U+1FA83
1302,ğŸ¹,bow and arrow,7,0,U+1F3F9
1303,ğŸ›¡,shield,7,0,U+1F6E1
1304,ğŸªš,carpentry saw,7,0,U+1FA9A
1305,ğŸ”§,wrench,7,0,U+1F527
1306,ğŸª›,screwdriver,7,0,U+1FA9B
1307,ğŸ”©,nut and bolt,7,0,U+1F529
1308,âš™,gear,7,0,U+2699
1309,ğŸ—œ,clamp,7,0,U+1F5DC
1310,âš–,balance scale,7,0,U+2696
1311,ğŸ¦¯,white cane,7,0,U+1F9AF
1312,ğŸ”—,link,7,0,U+1F517
1313,â›“,chains,7,0,U+26D3
1314,ğŸª,hook,7,0,U+1FA9D
1315,ğŸ§°,toolbox,7,0,U+1F9F0
1316,ğŸ§²,magnet,7,0,U+1F9F2
1317,ğŸªœ,ladder,7,0,U+1FA9C
1318,âš—,alembic,7,0,U+2697
1319,ğŸ§ª,test tube,7,0,U+1F9EA
1320,ğŸ§«,petri dish,7,0,U+1F9EB
1321,ğŸ§¬,dna,7,0,U+1F9EC
1322,ğŸ”¬,microscope,7,0,U+1F52C
1323,ğŸ”­,telescope,7,0,U+1F52D
1324,ğŸ“¡,satellite antenna,7,0,U+1F4E1
1325,ğŸ’‰,syringe,7,0,U+1F489
1326,ğŸ©¸,drop of blood,7,0,U+1FA78
1327,ğŸ’Š,pill,7,0,U+1F48A
1328,ğŸ©¹,adhesive bandage,7,0,U+1FA79
1329,ğŸ©¼,âŠ› crutch,7,1,U+1FA7C
1330,ğŸ©º,stethoscope,7,0,U+1FA7A
1331,ğŸ©»,âŠ› x-ray,7,1,U+1FA7B
1332,ğŸšª,door,7,0,U+1F6AA
1333,ğŸ›—,elevator,7,0,U+1F6D7
1334,ğŸª,mirror,7,0,U+1FA9E
1335,ğŸªŸ,window,7,0,U+1FA9F
1336,ğŸ›,bed,7,0,U+1F6CF
1337,ğŸ›‹,couch and lamp,7,0,U+1F6CB
1338,ğŸª‘,chair,7,0,U+1FA91
1339,ğŸš½,toilet,7,0,U+1F6BD
1340,ğŸª ,plunger,7,0,U+1FAA0
1341,ğŸš¿,shower,7,0,U+1F6BF
1342,ğŸ›,bathtub,7,0,U+1F6C1
1343,ğŸª¤,mouse trap,7,0,U+1FAA4
1344,ğŸª’,razor,7,0,U+1FA92
1345,ğŸ§´,lotion bottle,7,0,U+1F9F4
1346,ğŸ§·,safety pin,7,0,U+1F9F7
1347,ğŸ§¹,broom,7,0,U+1F9F9
1348,ğŸ§º,basket,7,0,U+1F9FA
1349,ğŸ§»,roll of paper,7,0,U+1F9FB
1350,ğŸª£,bucket,7,0,U+1FAA3
1351,ğŸ§¼,soap,7,0,U+1F9FC
1352,ğŸ«§,âŠ› bubbles,7,1,U+1FAE7
1353,ğŸª¥,toothbrush,7,0,U+1FAA5
1354,ğŸ§½,sponge,7,0,U+1F9FD
1355,ğŸ§¯,fire extinguisher,7,0,U+1F9EF
1356,ğŸ›’,shopping cart,7,0,U+1F6D2
1357,ğŸš¬,cigarette,7,0,U+1F6AC
1358,âš°,coffin,7,0,U+26B0
1359,ğŸª¦,headstone,7,0,U+1FAA6
1360,âš±,funeral urn,7,0,U+26B1
1361,ğŸ—¿,moai,7,0,U+1F5FF
1362,ğŸª§,placard,7,0,U+1FAA7
1363,ğŸªª,âŠ› identification card,7,1,U+1FAAA
1364,ğŸ§,ATM sign,8,0,U+1F3E7
1365,ğŸš®,litter in bin sign,8,0,U+1F6AE
1366,ğŸš°,potable water,8,0,U+1F6B0
1367,â™¿,wheelchair symbol,8,0,U+267F
1368,ğŸš¹,menâ€™s room,8,0,U+1F6B9
1369,ğŸšº,womenâ€™s room,8,0,U+1F6BA
1370,ğŸš»,restroom,8,0,U+1F6BB
1371,ğŸš¼,baby symbol,8,0,U+1F6BC
1372,ğŸš¾,water closet,8,0,U+1F6BE
1373,ğŸ›‚,passport control,8,0,U+1F6C2
1374,ğŸ›ƒ,customs,8,0,U+1F6C3
1375,ğŸ›„,baggage claim,8,0,U+1F6C4
1376,ğŸ›…,left luggage,8,0,U+1F6C5
1377,âš ,warning,8,0,U+26A0
1378,ğŸš¸,children crossing,8,0,U+1F6B8
1379,â›”,no entry,8,0,U+26D4
1380,ğŸš«,prohibited,8,0,U+1F6AB
1381,ğŸš³,no bicycles,8,0,U+1F6B3
1382,ğŸš­,no smoking,8,0,U+1F6AD
1383,ğŸš¯,no littering,8,0,U+1F6AF
1384,ğŸš±,non-potable water,8,0,U+1F6B1
1385,ğŸš·,no pedestrians,8,0,U+1F6B7
1386,ğŸ“µ,no mobile phones,8,0,U+1F4F5
1387,ğŸ”,no one under eighteen,8,0,U+1F51E
1388,â˜¢,radioactive,8,0,U+2622
1389,â˜£,biohazard,8,0,U+2623
1390,â¬†,up arrow,8,0,U+2B06
1391,â†—,up-right arrow,8,0,U+2197
1392,â¡,right arrow,8,0,U+27A1
1393,â†˜,down-right arrow,8,0,U+2198
1394,â¬‡,down arrow,8,0,U+2B07
1395,â†™,down-left arrow,8,0,U+2199
1396,â¬…,left arrow,8,0,U+2B05
1397,â†–,up-left arrow,8,0,U+2196
1398,â†•,up-down arrow,8,0,U+2195
1399,â†”,left-right arrow,8,0,U+2194
1400,â†©,right arrow curving left,8,0,U+21A9
1401,â†ª,left arrow curving right,8,0,U+21AA
1402,â¤´,right arrow curving up,8,0,U+2934
1403,â¤µ,right arrow curving down,8,0,U+2935
1404,ğŸ”ƒ,clockwise vertical arrows,8,0,U+1F503
1405,ğŸ”„,counterclockwise arrows button,8,0,U+1F504
1406,ğŸ”™,BACK arrow,8,0,U+1F519
1407,ğŸ”š,END arrow,8,0,U+1F51A
1408,ğŸ”›,ON! arrow,8,0,U+1F51B
1409,ğŸ”œ,SOON arrow,8,0,U+1F51C
1410,ğŸ”,TOP arrow,8,0,U+1F51D
1411,ğŸ›,place of worship,8,0,U+1F6D0
1412,âš›,atom symbol,8,0,U+269B
1413,ğŸ•‰,om,8,0,U+1F549
1414,âœ¡,star of David,8,0,U+2721
1415,â˜¸,wheel of dharma,8,0,U+2638
1416,â˜¯,yin yang,8,0,U+262F
1417,âœ,latin cross,8,0,U+271D
1418,â˜¦,orthodox cross,8,0,U+2626
1419,â˜ª,star and crescent,8,0,U+262A
1420,â˜®,peace symbol,8,0,U+262E
1421,ğŸ•,menorah,8,0,U+1F54E
1422,ğŸ”¯,dotted six-pointed star,8,0,U+1F52F
1423,â™ˆ,Aries,8,0,U+2648
1424,â™‰,Taurus,8,0,U+2649
1425,â™Š,Gemini,8,0,U+264A
1426,â™‹,Cancer,8,0,U+264B
1427,â™Œ,Leo,8,0,U+264C
1428,â™,Virgo,8,0,U+264D
1429,â™,Libra,8,0,U+264E
1430,â™,Scorpio,8,0,U+264F
1431,â™,Sagittarius,8,0,U+2650
1432,â™‘,Capricorn,8,0,U+2651
1433,â™’,Aquarius,8,0,U+2652
1434,â™“,Pisces,8,0,U+2653
1435,â›,Ophiuchus,8,0,U+26CE
1436,ğŸ”€,shuffle tracks button,8,0,U+1F500
1437,ğŸ”,repeat button,8,0,U+1F501
1438,ğŸ”‚,repeat single button,8,0,U+1F502
1439,â–¶,play button,8,0,U+25B6
1440,â©,fast-forward button,8,0,U+23E9
1441,â­,next track button,8,0,U+23ED
1442,â¯,play or pause button,8,0,U+23EF
1443,â—€,reverse button,8,0,U+25C0
1444,âª,fast reverse button,8,0,U+23EA
1445,â®,last track button,8,0,U+23EE
1446,ğŸ”¼,upwards button,8,0,U+1F53C
1447,â«,fast up button,8,0,U+23EB
1448,ğŸ”½,downwards button,8,0,U+1F53D
1449,â¬,fast down button,8,0,U+23EC
1450,â¸,pause button,8,0,U+23F8
1451,â¹,stop button,8,0,U+23F9
1452,âº,record button,8,0,U+23FA
1453,â,eject button,8,0,U+23CF
1454,ğŸ¦,cinema,8,0,U+1F3A6
1455,ğŸ”…,dim button,8,0,U+1F505
1456,ğŸ”†,bright button,8,0,U+1F506
1457,ğŸ“¶,antenna bars,8,0,U+1F4F6
1458,ğŸ“³,vibration mode,8,0,U+1F4F3
1459,ğŸ“´,mobile phone off,8,0,U+1F4F4
1460,â™€,female sign,8,0,U+2640
1461,â™‚,male sign,8,0,U+2642
1462,âš§,transgender symbol,8,0,U+26A7
1463,âœ–,multiply,8,0,U+2716
1464,â•,plus,8,0,U+2795
1465,â–,minus,8,0,U+2796
1466,â—,divide,8,0,U+2797
1467,ğŸŸ°,âŠ› heavy equals sign,8,1,U+1F7F0
1468,â™¾,infinity,8,0,U+267E
1469,â€¼,double exclamation mark,8,0,U+203C
1470,â‰,exclamation question mark,8,0,U+2049
1471,â“,red question mark,8,0,U+2753
1472,â”,white question mark,8,0,U+2754
1473,â•,white exclamation mark,8,0,U+2755
1474,â—,red exclamation mark,8,0,U+2757
1475,ã€°,wavy dash,8,0,U+3030
1476,ğŸ’±,currency exchange,8,0,U+1F4B1
1477,ğŸ’²,heavy dollar sign,8,0,U+1F4B2
1478,âš•,medical symbol,8,0,U+2695
1479,â™»,recycling symbol,8,0,U+267B
1480,âšœ,fleur-de-lis,8,0,U+269C
1481,ğŸ”±,trident emblem,8,0,U+1F531
1482,ğŸ“›,name badge,8,0,U+1F4DB
1483,ğŸ”°,Japanese symbol for beginner,8,0,U+1F530
1484,â­•,hollow red circle,8,0,U+2B55
1485,âœ…,check mark button,8,0,U+2705
1486,â˜‘,check box with check,8,0,U+2611
1487,âœ”,check mark,8,0,U+2714
1488,âŒ,cross mark,8,0,U+274C
1489,â,cross mark button,8,0,U+274E
1490,â°,curly loop,8,0,U+27B0
1491,â¿,double curly loop,8,0,U+27BF
1492,ã€½,part alternation mark,8,0,U+303D
1493,âœ³,eight-spoked asterisk,8,0,U+2733
1494,âœ´,eight-pointed star,8,0,U+2734
1495,â‡,sparkle,8,0,U+2747
1496,Â©,copyright,8,0,U+00A9
1497,Â®,registered,8,0,U+00AE
1498,â„¢,trade mark,8,0,U+2122
1499,#ï¸âƒ£,keycap: #,8,0,U+0023 U+FE0F U+20E3
1500,*ï¸âƒ£,keycap: *,8,0,U+002A U+FE0F U+20E3
1501,0ï¸âƒ£,keycap: 0,8,0,U+0030 U+FE0F U+20E3
1502,1ï¸âƒ£,keycap: 1,8,0,U+0031 U+FE0F U+20E3
1503,2ï¸âƒ£,keycap: 2,8,0,U+0032 U+FE0F U+20E3
1504,3ï¸âƒ£,keycap: 3,8,0,U+0033 U+FE0F U+20E3
1505,4ï¸âƒ£,keycap: 4,8,0,U+0034 U+FE0F U+20E3
1506,5ï¸âƒ£,keycap: 5,8,0,U+0035 U+FE0F U+20E3
1507,6ï¸âƒ£,keycap: 6,8,0,U+0036 U+FE0F U+20E3
1508,7ï¸âƒ£,keycap: 7,8,0,U+0037 U+FE0F U+20E3
1509,8ï¸âƒ£,keycap: 8,8,0,U+0038 U+FE0F U+20E3
1510,9ï¸âƒ£,keycap: 9,8,0,U+0039 U+FE0F U+20E3
1511,ğŸ”Ÿ,keycap: 10,8,0,U+1F51F
1512,ğŸ” ,input latin uppercase,8,0,U+1F520
1513,ğŸ”¡,input latin lowercase,8,0,U+1F521
1514,ğŸ”¢,input numbers,8,0,U+1F522
1515,ğŸ”£,input symbols,8,0,U+1F523
1516,ğŸ”¤,input latin letters,8,0,U+1F524
1517,ğŸ…°,A button (blood type),8,0,U+1F170
1518,ğŸ†,AB button (blood type),8,0,U+1F18E
1519,ğŸ…±,B button (blood type),8,0,U+1F171
1520,ğŸ†‘,CL button,8,0,U+1F191
1521,ğŸ†’,COOL button,8,0,U+1F192
1522,ğŸ†“,FREE button,8,0,U+1F193
1523,â„¹,information,8,0,U+2139
1524,ğŸ†”,ID button,8,0,U+1F194
1525,â“‚,circled M,8,0,U+24C2
1526,ğŸ†•,NEW button,8,0,U+1F195
1527,ğŸ†–,NG button,8,0,U+1F196
1528,ğŸ…¾,O button (blood type),8,0,U+1F17E
1529,ğŸ†—,OK button,8,0,U+1F197
1530,ğŸ…¿,P button,8,0,U+1F17F
1531,ğŸ†˜,SOS button,8,0,U+1F198
1532,ğŸ†™,UP! button,8,0,U+1F199
1533,ğŸ†š,VS button,8,0,U+1F19A
1534,ğŸˆ,Japanese â€œhereâ€ button,8,0,U+1F201
1535,ğŸˆ‚,Japanese â€œservice chargeâ€ button,8,0,U+1F202
1536,ğŸˆ·,Japanese â€œmonthly amountâ€ button,8,0,U+1F237
1537,ğŸˆ¶,Japanese â€œnot free of chargeâ€ button,8,0,U+1F236
1538,ğŸˆ¯,Japanese â€œreservedâ€ button,8,0,U+1F22F
1539,ğŸ‰,Japanese â€œbargainâ€ button,8,0,U+1F250
1540,ğŸˆ¹,Japanese â€œdiscountâ€ button,8,0,U+1F239
1541,ğŸˆš,Japanese â€œfree of chargeâ€ button,8,0,U+1F21A
1542,ğŸˆ²,Japanese â€œprohibitedâ€ button,8,0,U+1F232
1543,ğŸ‰‘,Japanese â€œacceptableâ€ button,8,0,U+1F251
1544,ğŸˆ¸,Japanese â€œapplicationâ€ button,8,0,U+1F238
1545,ğŸˆ´,Japanese â€œpassing gradeâ€ button,8,0,U+1F234
1546,ğŸˆ³,Japanese â€œvacancyâ€ button,8,0,U+1F233
1547,ãŠ—,Japanese â€œcongratulationsâ€ button,8,0,U+3297
1548,ãŠ™,Japanese â€œsecretâ€ button,8,0,U+3299
1549,ğŸˆº,Japanese â€œopen for businessâ€ button,8,0,U+1F23A
1550,ğŸˆµ,Japanese â€œno vacancyâ€ button,8,0,U+1F235
1551,ğŸ”´,red circle,8,0,U+1F534
1552,ğŸŸ ,orange circle,8,0,U+1F7E0
1553,ğŸŸ¡,yellow circle,8,0,U+1F7E1
1554,ğŸŸ¢,green circle,8,0,U+1F7E2
1555,ğŸ”µ,blue circle,8,0,U+1F535
1556,ğŸŸ£,purple circle,8,0,U+1F7E3
1557,ğŸŸ¤,brown circle,8,0,U+1F7E4
1558,âš«,black circle,8,0,U+26AB
1559,âšª,white circle,8,0,U+26AA
1560,ğŸŸ¥,red square,8,0,U+1F7E5
1561,ğŸŸ§,orange square,8,0,U+1F7E7
1562,ğŸŸ¨,yellow square,8,0,U+1F7E8
1563,ğŸŸ©,green square,8,0,U+1F7E9
1564,ğŸŸ¦,blue square,8,0,U+1F7E6
1565,ğŸŸª,purple square,8,0,U+1F7EA
1566,ğŸŸ«,brown square,8,0,U+1F7EB
1567,â¬›,black large square,8,0,U+2B1B
1568,â¬œ,white large square,8,0,U+2B1C
1569,â—¼,black medium square,8,0,U+25FC
1570,â—»,white medium square,8,0,U+25FB
1571,â—¾,black medium-small square,8,0,U+25FE
1572,â—½,white medium-small square,8,0,U+25FD
1573,â–ª,black small square,8,0,U+25AA
1574,â–«,white small square,8,0,U+25AB
1575,ğŸ”¶,large orange diamond,8,0,U+1F536
1576,ğŸ”·,large blue diamond,8,0,U+1F537
1577,ğŸ”¸,small orange diamond,8,0,U+1F538
1578,ğŸ”¹,small blue diamond,8,0,U+1F539
1579,ğŸ”º,red triangle pointed up,8,0,U+1F53A
1580,ğŸ”»,red triangle pointed down,8,0,U+1F53B
1581,ğŸ’ ,diamond with a dot,8,0,U+1F4A0
1582,ğŸ”˜,radio button,8,0,U+1F518
1583,ğŸ”³,white square button,8,0,U+1F533
1584,ğŸ”²,black square button,8,0,U+1F532
1585,ğŸ,chequered flag,9,0,U+1F3C1
1586,ğŸš©,triangular flag,9,0,U+1F6A9
1587,ğŸŒ,crossed flags,9,0,U+1F38C
1588,ğŸ´,black flag,9,0,U+1F3F4
1589,ğŸ³,white flag,9,0,U+1F3F3
1590,ğŸ³ï¸â€ğŸŒˆ,rainbow flag,9,0,U+1F3F3 U+FE0F U+200D U+1F308
1591,ğŸ³ï¸â€âš§ï¸,transgender flag,9,0,U+1F3F3 U+FE0F U+200D U+26A7 U+FE0F
1592,ğŸ´â€â˜ ï¸,pirate flag,9,0,U+1F3F4 U+200D U+2620 U+FE0F
1593,ğŸ‡¦ğŸ‡¨,flag: Ascension Island,9,0,U+1F1E6 U+1F1E8
1594,ğŸ‡¦ğŸ‡©,flag: Andorra,9,0,U+1F1E6 U+1F1E9
1595,ğŸ‡¦ğŸ‡ª,flag: United Arab Emirates,9,0,U+1F1E6 U+1F1EA
1596,ğŸ‡¦ğŸ‡«,flag: Afghanistan,9,0,U+1F1E6 U+1F1EB
1597,ğŸ‡¦ğŸ‡¬,flag: Antigua & Barbuda,9,0,U+1F1E6 U+1F1EC
1598,ğŸ‡¦ğŸ‡®,flag: Anguilla,9,0,U+1F1E6 U+1F1EE
1599,ğŸ‡¦ğŸ‡±,flag: Albania,9,0,U+1F1E6 U+1F1F1
1600,ğŸ‡¦ğŸ‡²,flag: Armenia,9,0,U+1F1E6 U+1F1F2
1601,ğŸ‡¦ğŸ‡´,flag: Angola,9,0,U+1F1E6 U+1F1F4
1602,ğŸ‡¦ğŸ‡¶,flag: Antarctica,9,0,U+1F1E6 U+1F1F6
1603,ğŸ‡¦ğŸ‡·,flag: Argentina,9,0,U+1F1E6 U+1F1F7
1604,ğŸ‡¦ğŸ‡¸,flag: American Samoa,9,0,U+1F1E6 U+1F1F8
1605,ğŸ‡¦ğŸ‡¹,flag: Austria,9,0,U+1F1E6 U+1F1F9
1606,ğŸ‡¦ğŸ‡º,flag: Australia,9,0,U+1F1E6 U+1F1FA
1607,ğŸ‡¦ğŸ‡¼,flag: Aruba,9,0,U+1F1E6 U+1F1FC
1608,ğŸ‡¦ğŸ‡½,flag: Ã…land Islands,9,0,U+1F1E6 U+1F1FD
1609,ğŸ‡¦ğŸ‡¿,flag: Azerbaijan,9,0,U+1F1E6 U+1F1FF
1610,ğŸ‡§ğŸ‡¦,flag: Bosnia & Herzegovina,9,0,U+1F1E7 U+1F1E6
1611,ğŸ‡§ğŸ‡§,flag: Barbados,9,0,U+1F1E7 U+1F1E7
1612,ğŸ‡§ğŸ‡©,flag: Bangladesh,9,0,U+1F1E7 U+1F1E9
1613,ğŸ‡§ğŸ‡ª,flag: Belgium,9,0,U+1F1E7 U+1F1EA
1614,ğŸ‡§ğŸ‡«,flag: Burkina Faso,9,0,U+1F1E7 U+1F1EB
1615,ğŸ‡§ğŸ‡¬,flag: Bulgaria,9,0,U+1F1E7 U+1F1EC
1616,ğŸ‡§ğŸ‡­,flag: Bahrain,9,0,U+1F1E7 U+1F1ED
1617,ğŸ‡§ğŸ‡®,flag: Burundi,9,0,U+1F1E7 U+1F1EE
1618,ğŸ‡§ğŸ‡¯,flag: Benin,9,0,U+1F1E7 U+1F1EF
1619,ğŸ‡§ğŸ‡±,flag: St. BarthÃ©lemy,9,0,U+1F1E7 U+1F1F1
1620,ğŸ‡§ğŸ‡²,flag: Bermuda,9,0,U+1F1E7 U+1F1F2
1621,ğŸ‡§ğŸ‡³,flag: Brunei,9,0,U+1F1E7 U+1F1F3
1622,ğŸ‡§ğŸ‡´,flag: Bolivia,9,0,U+1F1E7 U+1F1F4
1623,ğŸ‡§ğŸ‡¶,flag: Caribbean Netherlands,9,0,U+1F1E7 U+1F1F6
1624,ğŸ‡§ğŸ‡·,flag: Brazil,9,0,U+1F1E7 U+1F1F7
1625,ğŸ‡§ğŸ‡¸,flag: Bahamas,9,0,U+1F1E7 U+1F1F8
1626,ğŸ‡§ğŸ‡¹,flag: Bhutan,9,0,U+1F1E7 U+1F1F9
1627,ğŸ‡§ğŸ‡»,flag: Bouvet Island,9,0,U+1F1E7 U+1F1FB
1628,ğŸ‡§ğŸ‡¼,flag: Botswana,9,0,U+1F1E7 U+1F1FC
1629,ğŸ‡§ğŸ‡¾,flag: Belarus,9,0,U+1F1E7 U+1F1FE
1630,ğŸ‡§ğŸ‡¿,flag: Belize,9,0,U+1F1E7 U+1F1FF
1631,ğŸ‡¨ğŸ‡¦,flag: Canada,9,0,U+1F1E8 U+1F1E6
1632,ğŸ‡¨ğŸ‡¨,flag: Cocos (Keeling) Islands,9,0,U+1F1E8 U+1F1E8
1633,ğŸ‡¨ğŸ‡©,flag: Congo - Kinshasa,9,0,U+1F1E8 U+1F1E9
1634,ğŸ‡¨ğŸ‡«,flag: Central African Republic,9,0,U+1F1E8 U+1F1EB
1635,ğŸ‡¨ğŸ‡¬,flag: Congo - Brazzaville,9,0,U+1F1E8 U+1F1EC
1636,ğŸ‡¨ğŸ‡­,flag: Switzerland,9,0,U+1F1E8 U+1F1ED
1637,ğŸ‡¨ğŸ‡®,flag: CÃ´te dâ€™Ivoire,9,0,U+1F1E8 U+1F1EE
1638,ğŸ‡¨ğŸ‡°,flag: Cook Islands,9,0,U+1F1E8 U+1F1F0
1639,ğŸ‡¨ğŸ‡±,flag: Chile,9,0,U+1F1E8 U+1F1F1
1640,ğŸ‡¨ğŸ‡²,flag: Cameroon,9,0,U+1F1E8 U+1F1F2
1641,ğŸ‡¨ğŸ‡³,flag: China,9,0,U+1F1E8 U+1F1F3
1642,ğŸ‡¨ğŸ‡´,flag: Colombia,9,0,U+1F1E8 U+1F1F4
1643,ğŸ‡¨ğŸ‡µ,flag: Clipperton Island,9,0,U+1F1E8 U+1F1F5
1644,ğŸ‡¨ğŸ‡·,flag: Costa Rica,9,0,U+1F1E8 U+1F1F7
1645,ğŸ‡¨ğŸ‡º,flag: Cuba,9,0,U+1F1E8 U+1F1FA
1646,ğŸ‡¨ğŸ‡»,flag: Cape Verde,9,0,U+1F1E8 U+1F1FB
1647,ğŸ‡¨ğŸ‡¼,flag: CuraÃ§ao,9,0,U+1F1E8 U+1F1FC
1648,ğŸ‡¨ğŸ‡½,flag: Christmas Island,9,0,U+1F1E8 U+1F1FD
1649,ğŸ‡¨ğŸ‡¾,flag: Cyprus,9,0,U+1F1E8 U+1F1FE
1650,ğŸ‡¨ğŸ‡¿,flag: Czechia,9,0,U+1F1E8 U+1F1FF
1651,ğŸ‡©ğŸ‡ª,flag: Germany,9,0,U+1F1E9 U+1F1EA
1652,ğŸ‡©ğŸ‡¬,flag: Diego Garcia,9,0,U+1F1E9 U+1F1EC
1653,ğŸ‡©ğŸ‡¯,flag: Djibouti,9,0,U+1F1E9 U+1F1EF
1654,ğŸ‡©ğŸ‡°,flag: Denmark,9,0,U+1F1E9 U+1F1F0
1655,ğŸ‡©ğŸ‡²,flag: Dominica,9,0,U+1F1E9 U+1F1F2
1656,ğŸ‡©ğŸ‡´,flag: Dominican Republic,9,0,U+1F1E9 U+1F1F4
1657,ğŸ‡©ğŸ‡¿,flag: Algeria,9,0,U+1F1E9 U+1F1FF
1658,ğŸ‡ªğŸ‡¦,flag: Ceuta & Melilla,9,0,U+1F1EA U+1F1E6
1659,ğŸ‡ªğŸ‡¨,flag: Ecuador,9,0,U+1F1EA U+1F1E8
1660,ğŸ‡ªğŸ‡ª,flag: Estonia,9,0,U+1F1EA U+1F1EA
1661,ğŸ‡ªğŸ‡¬,flag: Egypt,9,0,U+1F1EA U+1F1EC
1662,ğŸ‡ªğŸ‡­,flag: Western Sahara,9,0,U+1F1EA U+1F1ED
1663,ğŸ‡ªğŸ‡·,flag: Eritrea,9,0,U+1F1EA U+1F1F7
1664,ğŸ‡ªğŸ‡¸,flag: Spain,9,0,U+1F1EA U+1F1F8
1665,ğŸ‡ªğŸ‡¹,flag: Ethiopia,9,0,U+1F1EA U+1F1F9
1666,ğŸ‡ªğŸ‡º,flag: European Union,9,0,U+1F1EA U+1F1FA
1667,ğŸ‡«ğŸ‡®,flag: Finland,9,0,U+1F1EB U+1F1EE
1668,ğŸ‡«ğŸ‡¯,flag: Fiji,9,0,U+1F1EB U+1F1EF
1669,ğŸ‡«ğŸ‡°,flag: Falkland Islands,9,0,U+1F1EB U+1F1F0
1670,ğŸ‡«ğŸ‡²,flag: Micronesia,9,0,U+1F1EB U+1F1F2
1671,ğŸ‡«ğŸ‡´,flag: Faroe Islands,9,0,U+1F1EB U+1F1F4
1672,ğŸ‡«ğŸ‡·,flag: France,9,0,U+1F1EB U+1F1F7
1673,ğŸ‡¬ğŸ‡¦,flag: Gabon,9,0,U+1F1EC U+1F1E6
1674,ğŸ‡¬ğŸ‡§,flag: United Kingdom,9,0,U+1F1EC U+1F1E7
1675,ğŸ‡¬ğŸ‡©,flag: Grenada,9,0,U+1F1EC U+1F1E9
1676,ğŸ‡¬ğŸ‡ª,flag: Georgia,9,0,U+1F1EC U+1F1EA
1677,ğŸ‡¬ğŸ‡«,flag: French Guiana,9,0,U+1F1EC U+1F1EB
1678,ğŸ‡¬ğŸ‡¬,flag: Guernsey,9,0,U+1F1EC U+1F1EC
1679,ğŸ‡¬ğŸ‡­,flag: Ghana,9,0,U+1F1EC U+1F1ED
1680,ğŸ‡¬ğŸ‡®,flag: Gibraltar,9,0,U+1F1EC U+1F1EE
1681,ğŸ‡¬ğŸ‡±,flag: Greenland,9,0,U+1F1EC U+1F1F1
1682,ğŸ‡¬ğŸ‡²,flag: Gambia,9,0,U+1F1EC U+1F1F2
1683,ğŸ‡¬ğŸ‡³,flag: Guinea,9,0,U+1F1EC U+1F1F3
1684,ğŸ‡¬ğŸ‡µ,flag: Guadeloupe,9,0,U+1F1EC U+1F1F5
1685,ğŸ‡¬ğŸ‡¶,flag: Equatorial Guinea,9,0,U+1F1EC U+1F1F6
1686,ğŸ‡¬ğŸ‡·,flag: Greece,9,0,U+1F1EC U+1F1F7
1687,ğŸ‡¬ğŸ‡¸,flag: South Georgia & South Sandwich Islands,9,0,U+1F1EC U+1F1F8
1688,ğŸ‡¬ğŸ‡¹,flag: Guatemala,9,0,U+1F1EC U+1F1F9
1689,ğŸ‡¬ğŸ‡º,flag: Guam,9,0,U+1F1EC U+1F1FA
1690,ğŸ‡¬ğŸ‡¼,flag: Guinea-Bissau,9,0,U+1F1EC U+1F1FC
1691,ğŸ‡¬ğŸ‡¾,flag: Guyana,9,0,U+1F1EC U+1F1FE
1692,ğŸ‡­ğŸ‡°,flag: Hong Kong SAR China,9,0,U+1F1ED U+1F1F0
1693,ğŸ‡­ğŸ‡²,flag: Heard & McDonald Islands,9,0,U+1F1ED U+1F1F2
1694,ğŸ‡­ğŸ‡³,flag: Honduras,9,0,U+1F1ED U+1F1F3
1695,ğŸ‡­ğŸ‡·,flag: Croatia,9,0,U+1F1ED U+1F1F7
1696,ğŸ‡­ğŸ‡¹,flag: Haiti,9,0,U+1F1ED U+1F1F9
1697,ğŸ‡­ğŸ‡º,flag: Hungary,9,0,U+1F1ED U+1F1FA
1698,ğŸ‡®ğŸ‡¨,flag: Canary Islands,9,0,U+1F1EE U+1F1E8
1699,ğŸ‡®ğŸ‡©,flag: Indonesia,9,0,U+1F1EE U+1F1E9
1700,ğŸ‡®ğŸ‡ª,flag: Ireland,9,0,U+1F1EE U+1F1EA
1701,ğŸ‡®ğŸ‡±,flag: Israel,9,0,U+1F1EE U+1F1F1
1702,ğŸ‡®ğŸ‡²,flag: Isle of Man,9,0,U+1F1EE U+1F1F2
1703,ğŸ‡®ğŸ‡³,flag: India,9,0,U+1F1EE U+1F1F3
1704,ğŸ‡®ğŸ‡´,flag: British Indian Ocean Territory,9,0,U+1F1EE U+1F1F4
1705,ğŸ‡®ğŸ‡¶,flag: Iraq,9,0,U+1F1EE U+1F1F6
1706,ğŸ‡®ğŸ‡·,flag: Iran,9,0,U+1F1EE U+1F1F7
1707,ğŸ‡®ğŸ‡¸,flag: Iceland,9,0,U+1F1EE U+1F1F8
1708,ğŸ‡®ğŸ‡¹,flag: Italy,9,0,U+1F1EE U+1F1F9
1709,ğŸ‡¯ğŸ‡ª,flag: Jersey,9,0,U+1F1EF U+1F1EA
1710,ğŸ‡¯ğŸ‡²,flag: Jamaica,9,0,U+1F1EF U+1F1F2
1711,ğŸ‡¯ğŸ‡´,flag: Jordan,9,0,U+1F1EF U+1F1F4
1712,ğŸ‡¯ğŸ‡µ,flag: Japan,9,0,U+1F1EF U+1F1F5
1713,ğŸ‡°ğŸ‡ª,flag: Kenya,9,0,U+1F1F0 U+1F1EA
1714,ğŸ‡°ğŸ‡¬,flag: Kyrgyzstan,9,0,U+1F1F0 U+1F1EC
1715,ğŸ‡°ğŸ‡­,flag: Cambodia,9,0,U+1F1F0 U+1F1ED
1716,ğŸ‡°ğŸ‡®,flag: Kiribati,9,0,U+1F1F0 U+1F1EE
1717,ğŸ‡°ğŸ‡²,flag: Comoros,9,0,U+1F1F0 U+1F1F2
1718,ğŸ‡°ğŸ‡³,flag: St. Kitts & Nevis,9,0,U+1F1F0 U+1F1F3
1719,ğŸ‡°ğŸ‡µ,flag: North Korea,9,0,U+1F1F0 U+1F1F5
1720,ğŸ‡°ğŸ‡·,flag: South Korea,9,0,U+1F1F0 U+1F1F7
1721,ğŸ‡°ğŸ‡¼,flag: Kuwait,9,0,U+1F1F0 U+1F1FC
1722,ğŸ‡°ğŸ‡¾,flag: Cayman Islands,9,0,U+1F1F0 U+1F1FE
1723,ğŸ‡°ğŸ‡¿,flag: Kazakhstan,9,0,U+1F1F0 U+1F1FF
1724,ğŸ‡±ğŸ‡¦,flag: Laos,9,0,U+1F1F1 U+1F1E6
1725,ğŸ‡±ğŸ‡§,flag: Lebanon,9,0,U+1F1F1 U+1F1E7
1726,ğŸ‡±ğŸ‡¨,flag: St. Lucia,9,0,U+1F1F1 U+1F1E8
1727,ğŸ‡±ğŸ‡®,flag: Liechtenstein,9,0,U+1F1F1 U+1F1EE
1728,ğŸ‡±ğŸ‡°,flag: Sri Lanka,9,0,U+1F1F1 U+1F1F0
1729,ğŸ‡±ğŸ‡·,flag: Liberia,9,0,U+1F1F1 U+1F1F7
1730,ğŸ‡±ğŸ‡¸,flag: Lesotho,9,0,U+1F1F1 U+1F1F8
1731,ğŸ‡±ğŸ‡¹,flag: Lithuania,9,0,U+1F1F1 U+1F1F9
1732,ğŸ‡±ğŸ‡º,flag: Luxembourg,9,0,U+1F1F1 U+1F1FA
1733,ğŸ‡±ğŸ‡»,flag: Latvia,9,0,U+1F1F1 U+1F1FB
1734,ğŸ‡±ğŸ‡¾,flag: Libya,9,0,U+1F1F1 U+1F1FE
1735,ğŸ‡²ğŸ‡¦,flag: Morocco,9,0,U+1F1F2 U+1F1E6
1736,ğŸ‡²ğŸ‡¨,flag: Monaco,9,0,U+1F1F2 U+1F1E8
1737,ğŸ‡²ğŸ‡©,flag: Moldova,9,0,U+1F1F2 U+1F1E9
1738,ğŸ‡²ğŸ‡ª,flag: Montenegro,9,0,U+1F1F2 U+1F1EA
1739,ğŸ‡²ğŸ‡«,flag: St. Martin,9,0,U+1F1F2 U+1F1EB
1740,ğŸ‡²ğŸ‡¬,flag: Madagascar,9,0,U+1F1F2 U+1F1EC
1741,ğŸ‡²ğŸ‡­,flag: Marshall Islands,9,0,U+1F1F2 U+1F1ED
1742,ğŸ‡²ğŸ‡°,flag: North Macedonia,9,0,U+1F1F2 U+1F1F0
1743,ğŸ‡²ğŸ‡±,flag: Mali,9,0,U+1F1F2 U+1F1F1
1744,ğŸ‡²ğŸ‡²,flag: Myanmar (Burma),9,0,U+1F1F2 U+1F1F2
1745,ğŸ‡²ğŸ‡³,flag: Mongolia,9,0,U+1F1F2 U+1F1F3
1746,ğŸ‡²ğŸ‡´,flag: Macao SAR China,9,0,U+1F1F2 U+1F1F4
1747,ğŸ‡²ğŸ‡µ,flag: Northern Mariana Islands,9,0,U+1F1F2 U+1F1F5
1748,ğŸ‡²ğŸ‡¶,flag: Martinique,9,0,U+1F1F2 U+1F1F6
1749,ğŸ‡²ğŸ‡·,flag: Mauritania,9,0,U+1F1F2 U+1F1F7
1750,ğŸ‡²ğŸ‡¸,flag: Montserrat,9,0,U+1F1F2 U+1F1F8
1751,ğŸ‡²ğŸ‡¹,flag: Malta,9,0,U+1F1F2 U+1F1F9
1752,ğŸ‡²ğŸ‡º,flag: Mauritius,9,0,U+1F1F2 U+1F1FA
1753,ğŸ‡²ğŸ‡»,flag: Maldives,9,0,U+1F1F2 U+1F1FB
1754,ğŸ‡²ğŸ‡¼,flag: Malawi,9,0,U+1F1F2 U+1F1FC
1755,ğŸ‡²ğŸ‡½,flag: Mexico,9,0,U+1F1F2 U+1F1FD
1756,ğŸ‡²ğŸ‡¾,flag: Malaysia,9,0,U+1F1F2 U+1F1FE
1757,ğŸ‡²ğŸ‡¿,flag: Mozambique,9,0,U+1F1F2 U+1F1FF
1758,ğŸ‡³ğŸ‡¦,flag: Namibia,9,0,U+1F1F3 U+1F1E6
1759,ğŸ‡³ğŸ‡¨,flag: New Caledonia,9,0,U+1F1F3 U+1F1E8
1760,ğŸ‡³ğŸ‡ª,flag: Niger,9,0,U+1F1F3 U+1F1EA
1761,ğŸ‡³ğŸ‡«,flag: Norfolk Island,9,0,U+1F1F3 U+1F1EB
1762,ğŸ‡³ğŸ‡¬,flag: Nigeria,9,0,U+1F1F3 U+1F1EC
1763,ğŸ‡³ğŸ‡®,flag: Nicaragua,9,0,U+1F1F3 U+1F1EE
1764,ğŸ‡³ğŸ‡±,flag: Netherlands,9,0,U+1F1F3 U+1F1F1
1765,ğŸ‡³ğŸ‡´,flag: Norway,9,0,U+1F1F3 U+1F1F4
1766,ğŸ‡³ğŸ‡µ,flag: Nepal,9,0,U+1F1F3 U+1F1F5
1767,ğŸ‡³ğŸ‡·,flag: Nauru,9,0,U+1F1F3 U+1F1F7
1768,ğŸ‡³ğŸ‡º,flag: Niue,9,0,U+1F1F3 U+1F1FA
1769,ğŸ‡³ğŸ‡¿,flag: New Zealand,9,0,U+1F1F3 U+1F1FF
1770,ğŸ‡´ğŸ‡²,flag: Oman,9,0,U+1F1F4 U+1F1F2
1771,ğŸ‡µğŸ‡¦,flag: Panama,9,0,U+1F1F5 U+1F1E6
1772,ğŸ‡µğŸ‡ª,flag: Peru,9,0,U+1F1F5 U+1F1EA
1773,ğŸ‡µğŸ‡«,flag: French Polynesia,9,0,U+1F1F5 U+1F1EB
1774,ğŸ‡µğŸ‡¬,flag: Papua New Guinea,9,0,U+1F1F5 U+1F1EC
1775,ğŸ‡µğŸ‡­,flag: Philippines,9,0,U+1F1F5 U+1F1ED
1776,ğŸ‡µğŸ‡°,flag: Pakistan,9,0,U+1F1F5 U+1F1F0
1777,ğŸ‡µğŸ‡±,flag: Poland,9,0,U+1F1F5 U+1F1F1
1778,ğŸ‡µğŸ‡²,flag: St. Pierre & Miquelon,9,0,U+1F1F5 U+1F1F2
1779,ğŸ‡µğŸ‡³,flag: Pitcairn Islands,9,0,U+1F1F5 U+1F1F3
1780,ğŸ‡µğŸ‡·,flag: Puerto Rico,9,0,U+1F1F5 U+1F1F7
1781,ğŸ‡µğŸ‡¸,flag: Palestinian Territories,9,0,U+1F1F5 U+1F1F8
1782,ğŸ‡µğŸ‡¹,flag: Portugal,9,0,U+1F1F5 U+1F1F9
1783,ğŸ‡µğŸ‡¼,flag: Palau,9,0,U+1F1F5 U+1F1FC
1784,ğŸ‡µğŸ‡¾,flag: Paraguay,9,0,U+1F1F5 U+1F1FE
1785,ğŸ‡¶ğŸ‡¦,flag: Qatar,9,0,U+1F1F6 U+1F1E6
1786,ğŸ‡·ğŸ‡ª,flag: RÃ©union,9,0,U+1F1F7 U+1F1EA
1787,ğŸ‡·ğŸ‡´,flag: Romania,9,0,U+1F1F7 U+1F1F4
1788,ğŸ‡·ğŸ‡¸,flag: Serbia,9,0,U+1F1F7 U+1F1F8
1789,ğŸ‡·ğŸ‡º,flag: Russia,9,0,U+1F1F7 U+1F1FA
1790,ğŸ‡·ğŸ‡¼,flag: Rwanda,9,0,U+1F1F7 U+1F1FC
1791,ğŸ‡¸ğŸ‡¦,flag: Saudi Arabia,9,0,U+1F1F8 U+1F1E6
1792,ğŸ‡¸ğŸ‡§,flag: Solomon Islands,9,0,U+1F1F8 U+1F1E7
1793,ğŸ‡¸ğŸ‡¨,flag: Seychelles,9,0,U+1F1F8 U+1F1E8
1794,ğŸ‡¸ğŸ‡©,flag: Sudan,9,0,U+1F1F8 U+1F1E9
1795,ğŸ‡¸ğŸ‡ª,flag: Sweden,9,0,U+1F1F8 U+1F1EA
1796,ğŸ‡¸ğŸ‡¬,flag: Singapore,9,0,U+1F1F8 U+1F1EC
1797,ğŸ‡¸ğŸ‡­,flag: St. Helena,9,0,U+1F1F8 U+1F1ED
1798,ğŸ‡¸ğŸ‡®,flag: Slovenia,9,0,U+1F1F8 U+1F1EE
1799,ğŸ‡¸ğŸ‡¯,flag: Svalbard & Jan Mayen,9,0,U+1F1F8 U+1F1EF
1800,ğŸ‡¸ğŸ‡°,flag: Slovakia,9,0,U+1F1F8 U+1F1F0
1801,ğŸ‡¸ğŸ‡±,flag: Sierra Leone,9,0,U+1F1F8 U+1F1F1
1802,ğŸ‡¸ğŸ‡²,flag: San Marino,9,0,U+1F1F8 U+1F1F2
1803,ğŸ‡¸ğŸ‡³,flag: Senegal,9,0,U+1F1F8 U+1F1F3
1804,ğŸ‡¸ğŸ‡´,flag: Somalia,9,0,U+1F1F8 U+1F1F4
1805,ğŸ‡¸ğŸ‡·,flag: Suriname,9,0,U+1F1F8 U+1F1F7
1806,ğŸ‡¸ğŸ‡¸,flag: South Sudan,9,0,U+1F1F8 U+1F1F8
1807,ğŸ‡¸ğŸ‡¹,flag: SÃ£o TomÃ© & PrÃ­ncipe,9,0,U+1F1F8 U+1F1F9
1808,ğŸ‡¸ğŸ‡»,flag: El Salvador,9,0,U+1F1F8 U+1F1FB
1809,ğŸ‡¸ğŸ‡½,flag: Sint Maarten,9,0,U+1F1F8 U+1F1FD
1810,ğŸ‡¸ğŸ‡¾,flag: Syria,9,0,U+1F1F8 U+1F1FE
1811,ğŸ‡¸ğŸ‡¿,flag: Eswatini,9,0,U+1F1F8 U+1F1FF
1812,ğŸ‡¹ğŸ‡¦,flag: Tristan da Cunha,9,0,U+1F1F9 U+1F1E6
1813,ğŸ‡¹ğŸ‡¨,flag: Turks & Caicos Islands,9,0,U+1F1F9 U+1F1E8
1814,ğŸ‡¹ğŸ‡©,flag: Chad,9,0,U+1F1F9 U+1F1E9
1815,ğŸ‡¹ğŸ‡«,flag: French Southern Territories,9,0,U+1F1F9 U+1F1EB
1816,ğŸ‡¹ğŸ‡¬,flag: Togo,9,0,U+1F1F9 U+1F1EC
1817,ğŸ‡¹ğŸ‡­,flag: Thailand,9,0,U+1F1F9 U+1F1ED
1818,ğŸ‡¹ğŸ‡¯,flag: Tajikistan,9,0,U+1F1F9 U+1F1EF
1819,ğŸ‡¹ğŸ‡°,flag: Tokelau,9,0,U+1F1F9 U+1F1F0
1820,ğŸ‡¹ğŸ‡±,flag: Timor-Leste,9,0,U+1F1F9 U+1F1F1
1821,ğŸ‡¹ğŸ‡²,flag: Turkmenistan,9,0,U+1F1F9 U+1F1F2
1822,ğŸ‡¹ğŸ‡³,flag: Tunisia,9,0,U+1F1F9 U+1F1F3
1823,ğŸ‡¹ğŸ‡´,flag: Tonga,9,0,U+1F1F9 U+1F1F4
1824,ğŸ‡¹ğŸ‡·,flag: Turkey,9,0,U+1F1F9 U+1F1F7
1825,ğŸ‡¹ğŸ‡¹,flag: Trinidad & Tobago,9,0,U+1F1F9 U+1F1F9
1826,ğŸ‡¹ğŸ‡»,flag: Tuvalu,9,0,U+1F1F9 U+1F1FB
1827,ğŸ‡¹ğŸ‡¼,flag: Taiwan,9,0,U+1F1F9 U+1F1FC
1828,ğŸ‡¹ğŸ‡¿,flag: Tanzania,9,0,U+1F1F9 U+1F1FF
1829,ğŸ‡ºğŸ‡¦,flag: Ukraine,9,0,U+1F1FA U+1F1E6
1830,ğŸ‡ºğŸ‡¬,flag: Uganda,9,0,U+1F1FA U+1F1EC
1831,ğŸ‡ºğŸ‡²,flag: U.S. Outlying Islands,9,0,U+1F1FA U+1F1F2
1832,ğŸ‡ºğŸ‡³,flag: United Nations,9,0,U+1F1FA U+1F1F3
1833,ğŸ‡ºğŸ‡¸,flag: United States,9,0,U+1F1FA U+1F1F8
1834,ğŸ‡ºğŸ‡¾,flag: Uruguay,9,0,U+1F1FA U+1F1FE
1835,ğŸ‡ºğŸ‡¿,flag: Uzbekistan,9,0,U+1F1FA U+1F1FF
1836,ğŸ‡»ğŸ‡¦,flag: Vatican City,9,0,U+1F1FB U+1F1E6
1837,ğŸ‡»ğŸ‡¨,flag: St. Vincent & Grenadines,9,0,U+1F1FB U+1F1E8
1838,ğŸ‡»ğŸ‡ª,flag: Venezuela,9,0,U+1F1FB U+1F1EA
1839,ğŸ‡»ğŸ‡¬,flag: British Virgin Islands,9,0,U+1F1FB U+1F1EC
1840,ğŸ‡»ğŸ‡®,flag: U.S. Virgin Islands,9,0,U+1F1FB U+1F1EE
1841,ğŸ‡»ğŸ‡³,flag: Vietnam,9,0,U+1F1FB U+1F1F3
1842,ğŸ‡»ğŸ‡º,flag: Vanuatu,9,0,U+1F1FB U+1F1FA
1843,ğŸ‡¼ğŸ‡«,flag: Wallis & Futuna,9,0,U+1F1FC U+1F1EB
1844,ğŸ‡¼ğŸ‡¸,flag: Samoa,9,0,U+1F1FC U+1F1F8
1845,ğŸ‡½ğŸ‡°,flag: Kosovo,9,0,U+1F1FD U+1F1F0
1846,ğŸ‡¾ğŸ‡ª,flag: Yemen,9,0,U+1F1FE U+1F1EA
1847,ğŸ‡¾ğŸ‡¹,flag: Mayotte,9,0,U+1F1FE U+1F1F9
1848,ğŸ‡¿ğŸ‡¦,flag: South Africa,9,0,U+1F1FF U+1F1E6
1849,ğŸ‡¿ğŸ‡²,flag: Zambia,9,0,U+1F1FF U+1F1F2
1850,ğŸ‡¿ğŸ‡¼,flag: Zimbabwe,9,0,U+1F1FF U+1F1FC
1851,ğŸ´ó §ó ¢ó ¥ó ®ó §ó ¿,flag: England,9,0,U+1F3F4 U+E0067 U+E0062 U+E0065 U+E006E U+E0067 U+E007F
1852,ğŸ´ó §ó ¢ó ³ó £ó ´ó ¿,flag: Scotland,9,0,U+1F3F4 U+E0067 U+E0062 U+E0073 U+E0063 U+E0074 U+E007F
1853,ğŸ´ó §ó ¢ó ·ó ¬ó ³ó ¿,flag: Wales,9,0,U+1F3F4 U+E0067 U+E0062 U+E0077 U+E006C U+E0073 U+E007F